Workbook

Sheet Leg
B2: LEGEND
B4: WORKSHEETS
B5: RES | C5: RESULTS
B6: 1 | C6: PRODUCTION PHASE
B7: 1 PRD | C7: production
B8: 2 | C8: CONSTRUCTION PHASE
B9: 2 CUT | C9: cut existing terrain
B10: 2 FILL | C10: fill existing terrain
B11: 2 SBGR | C11: subgrade layer preparation
B12: 2 SBBS | C12: subbase layer creation
B13: 2 BASE | C13: base layer creation
B14: 2 BIND | C14: binder layer creation
B15: 2 WEAR | C15: wearing layer creation
B16: 3 | C16: USE PHASE
B17: 3 ROLL | C17: roughness rolling resistance
B18: 3 MNTN | C18: maintenance operations
B19: 3 ALB | C19: albedo
B20: 3 LGT | C20: lighting
B22: each worksheet assesses CO2 emissions
B24: COLORS
C25: data to fill manually
C26: warning
C27: cells for the inputs
C28: cells for the CO2 outputs

Sheet RES
B2: TOTAL CO2 EMISSIONS (t)
B4: 1 | C4: PRODUCTION PHASE
B5: 1 PRD | C5: ='1 PRD'!F28 -> 141.0894
B7: 2 | C7: CONSTRUCTION PHASE
B8: 2 CUT | C8: ='2 CUT'!F158 -> 65.661303
B9: 2 FILL | C9: ='2 FILL'!F161 -> 36.758731
B10: 2 SBGR | C10: ='2 SBGR'!F74 -> 13.256617
B11: 2 SBBS | C11: ='2 SBBS'!F107 -> 38.875817
B12: 2 BASE | C12: ='2 BASE'!F107 -> 15.294389
B13: 2 BIND | C13: ='2 BIND'!F124 -> 2.1555969
B14: 2 WEAR | C14: ='2 WEAR'!F123 -> 1.7466642
C15: =SUM(C8:E14) -> 173.74912
B17: 3 | C17: USE PHASE
B18: MNTN | C18: ='3 MNTN'!F146 -> 16.918862
B19: LGT | C19: ='3 LGT'!F22 -> 357.7
B20: ALB | C20: ='3 ALB'!F22 -> 20975.854
B21: ROLL | C21: ='3 ROLL'!F58 -> 4875521.7
C22: =SUM(C18:E21) -> 4896872.2

Sheet 1 PRD
B2: MATERIAL QUANTITY (from CONSTRUCTION phase)
B4: wearing layer type | E4: (/) | F4: HMA
B5: emission equivalent for production | E5: (kg CO2 equiv./kg) | F5: =IF(F4=prms!$AR$5,prms!$AS$5,IF('1 PRD'!F4=prms!$AR$6,prms!$AS$6,IF('1 PRD'!F4=prms!$AR$7,prms!$AS$7,IF('1 PRD'!F4=prms!$AR$8,prms!$AS$8,IF('1 PRD'!F4=prms!$AR$9,prms!$AS$9,1))))) -> 0.0238
B6: wearing layer material mass | E6: (kg) | F6: ='2 WEAR'!$F$11*'2 WEAR'!$F$14 -> 1408000
B8: wearing layer type | E8: (/) | F8: HMA
B9: emission equivalent for production | E9: (kg CO2 equiv./kg) | F9: =IF(F8=prms!$AR$5,prms!$AS$5,IF('1 PRD'!F8=prms!$AR$6,prms!$AS$6,IF('1 PRD'!F8=prms!$AR$7,prms!$AS$7,IF('1 PRD'!F8=prms!$AR$8,prms!$AS$8,IF('1 PRD'!F8=prms!$AR$9,prms!$AS$9,1))))) -> 0.0238
B10: binder layer material mass | E10: (kg) | F10: ='2 BIND'!$F$11*'2 BIND'!$F$14 -> 1760000
B12: base layer type | E12: (/) | F12: gravel
B13: emission equivalent for production | E13: (kg CO2 equiv./kg) | F13: =IF(F12=prms!$AR$5,prms!$AS$5,IF('1 PRD'!F12=prms!$AR$6,prms!$AS$6,IF('1 PRD'!F12=prms!$AR$7,prms!$AS$7,IF('1 PRD'!F12=prms!$AR$8,prms!$AS$8,IF('1 PRD'!F12=prms!$AR$9,prms!$AS$9,1))))) -> 0.0027
B14: base layer material mass | E14: (kg) | F14: ='2 BASE'!$F$11*'2 BASE'!$F$14 -> 9120000
B16: subbase layer type | E16: (/) | F16: gravel
B17: emission equivalent for production | E17: (kg CO2 equiv./kg) | F17: =IF(F16=prms!$AR$5,prms!$AS$5,IF('1 PRD'!F16=prms!$AR$6,prms!$AS$6,IF('1 PRD'!F16=prms!$AR$7,prms!$AS$7,IF('1 PRD'!F16=prms!$AR$8,prms!$AS$8,IF('1 PRD'!F16=prms!$AR$9,prms!$AS$9,1))))) -> 0.0027
B18: subbase layer material mass | E18: (kg) | F18: ='2 SBBS'!$F$11*'2 SBBS'!$F$14 -> 15210000
B20: EMISSIONS
B22: emission for producing wearing layer | D22: CO2, wearing | E22: (kg) | F22: =F5*F6 -> 33510.4
B23: emission for producing binder layer | D23: CO2, binder | E23: (kg) | F23: =F9*F10 -> 41888
B24: emission for producing base layer | D24: CO2, base | E24: (kg) | F24: =F13*F14 -> 24624
B25: emission for producing subbase layer | D25: CO2, subbase | E25: (kg) | F25: =F17*F18 -> 41067
B27: total carbon dioxide emission | D27: CO2 | E27: (kg) | F27: =SUM(F22:F25) -> 141089.4
E28: (t) | F28: =F27/1000 -> 141.0894

Sheet 2 CUT
B2: ROAD LENGTH
B4: road length | E4: (m) | F4: 1000
B6: NEED TO CUT?
B8: need to cut? | E8: (/) | F8: 1 | G8: "1" for use, "0" for no use
B10: CUT TERRAIN TYPE (up to 5 layers)
B12: layer 1 width | E12: (m) | F12: 20
B13: layer 1 height | E13: (m) | F13: 0.5
B14: layer 1 type | E14: (/) | F14: clay - dry
B15: density in bank | D15: ρb,1 | E15: (kg/m3) | F15: =IF( F14=prms!$B$5,prms!$C$5, IF(F14=prms!$B$6,prms!$C$6, IF(F14=prms!$B$7,prms!$C$7, IF(F14=prms!$B$8,prms!$C$8, IF(F14=prms!$B$9,prms!$C$9, IF(F14=prms!$B$10,prms!$C$10, IF(F14=prms!$B$11,prms!$C$11, IF(F14=prms!$B$12,prms!$C$12, IF(F14=prms!$B$13,prms!$C$13, IF(F14=prms!$B$14,prms!$C$14, IF(F14=prms!$B$15,prms!$C$15, IF(F14=prms!$B$16,prms!$C$16, IF(F14=prms!$B$17,prms!$C$17, IF(F14=prms!$B$18,prms!$C$18, IF(F14=prms!$B$19,prms!$C$19, IF(F14=prms!$B$20,prms!$C$20, IF(F14=prms!$B$21,prms!$C$21, IF(F14=prms!$B$22,prms!$C$22, IF(F14=prms!$B$23,prms!$C$23, IF(F14=prms!$B$24,prms!$C$24, IF(F14=prms!$B$25,prms!$C$25, IF(F14=prms!$B$26,prms!$C$26, IF(F14=prms!$B$27,prms!$C$27, IF(F14=prms!$B$28,prms!$C$28, IF(F14=prms!$B$29,prms!$C$29, ))))))))))))))))))))))))) -> 1840
B16: density loose | D16: ρl,1 | E16: (kg/m3) | F16: =IF( F14=prms!$B$5,prms!$D$5, IF(F14=prms!$B$6,prms!$D$6, IF(F14=prms!$B$7,prms!$D$7, IF(F14=prms!$B$8,prms!$D$8, IF(F14=prms!$B$9,prms!$D$9, IF(F14=prms!$B$10,prms!$D$10, IF(F14=prms!$B$11,prms!$D$11, IF(F14=prms!$B$12,prms!$D$12, IF(F14=prms!$B$13,prms!$D$13, IF(F14=prms!$B$14,prms!$D$14, IF(F14=prms!$B$15,prms!$D$15, IF(F14=prms!$B$16,prms!$D$16, IF(F14=prms!$B$17,prms!$D$17, IF(F14=prms!$B$18,prms!$D$18, IF(F14=prms!$B$19,prms!$D$19, IF(F14=prms!$B$20,prms!$D$20, IF(F14=prms!$B$21,prms!$D$21, IF(F14=prms!$B$22,prms!$D$22, IF(F14=prms!$B$23,prms!$D$23, IF(F14=prms!$B$24,prms!$D$24, IF(F14=prms!$B$25,prms!$D$25, IF(F14=prms!$B$26,prms!$D$26, IF(F14=prms!$B$27,prms!$D$27, IF(F14=prms!$B$28,prms!$D$28, IF(F14=prms!$B$29,prms!$D$29))))))))))))))))))))))))) -> 1480
B18: layer 2 width | E18: (m) | F18: 20
B19: layer 2 height | E19: (m) | F19: 0.5
B20: layer 2 type | E20: (/) | F20: clay - wet
B21: density in bank | D21: ρb,2 | E21: (kg/m3) | F21: =IF( F20=prms!$B$5,prms!$C$5, IF(F20=prms!$B$6,prms!$C$6, IF(F20=prms!$B$7,prms!$C$7, IF(F20=prms!$B$8,prms!$C$8, IF(F20=prms!$B$9,prms!$C$9, IF(F20=prms!$B$10,prms!$C$10, IF(F20=prms!$B$11,prms!$C$11, IF(F20=prms!$B$12,prms!$C$12, IF(F20=prms!$B$13,prms!$C$13, IF(F20=prms!$B$14,prms!$C$14, IF(F20=prms!$B$15,prms!$C$15, IF(F20=prms!$B$16,prms!$C$16, IF(F20=prms!$B$17,prms!$C$17, IF(F20=prms!$B$18,prms!$C$18, IF(F20=prms!$B$19,prms!$C$19, IF(F20=prms!$B$20,prms!$C$20, IF(F20=prms!$B$21,prms!$C$21, IF(F20=prms!$B$22,prms!$C$22, IF(F20=prms!$B$23,prms!$C$23, IF(F20=prms!$B$24,prms!$C$24, IF(F20=prms!$B$25,prms!$C$25, IF(F20=prms!$B$26,prms!$C$26, IF(F20=prms!$B$27,prms!$C$27, IF(F20=prms!$B$28,prms!$C$28, IF(F20=prms!$B$29,prms!$C$29, ))))))))))))))))))))))))) -> 2080
B22: density loose | D22: ρl,2 | E22: (kg/m3) | F22: =IF( F20=prms!$B$5,prms!$D$5, IF(F20=prms!$B$6,prms!$D$6, IF(F20=prms!$B$7,prms!$D$7, IF(F20=prms!$B$8,prms!$D$8, IF(F20=prms!$B$9,prms!$D$9, IF(F20=prms!$B$10,prms!$D$10, IF(F20=prms!$B$11,prms!$D$11, IF(F20=prms!$B$12,prms!$D$12, IF(F20=prms!$B$13,prms!$D$13, IF(F20=prms!$B$14,prms!$D$14, IF(F20=prms!$B$15,prms!$D$15, IF(F20=prms!$B$16,prms!$D$16, IF(F20=prms!$B$17,prms!$D$17, IF(F20=prms!$B$18,prms!$D$18, IF(F20=prms!$B$19,prms!$D$19, IF(F20=prms!$B$20,prms!$D$20, IF(F20=prms!$B$21,prms!$D$21, IF(F20=prms!$B$22,prms!$D$22, IF(F20=prms!$B$23,prms!$D$23, IF(F20=prms!$B$24,prms!$D$24, IF(F20=prms!$B$25,prms!$D$25, IF(F20=prms!$B$26,prms!$D$26, IF(F20=prms!$B$27,prms!$D$27, IF(F20=prms!$B$28,prms!$D$28, IF(F20=prms!$B$29,prms!$D$29))))))))))))))))))))))))) -> 1660
B24: layer 3 width | E24: (m) | F24: 20
B25: layer 3 height | E25: (m) | F25: 0.5
B26: layer 3 type | E26: (/) | F26: clay and gravel - dry
B27: density in bank | D27: ρb,3 | E27: (kg/m3) | F27: =IF( F26=prms!$B$5,prms!$C$5, IF(F26=prms!$B$6,prms!$C$6, IF(F26=prms!$B$7,prms!$C$7, IF(F26=prms!$B$8,prms!$C$8, IF(F26=prms!$B$9,prms!$C$9, IF(F26=prms!$B$10,prms!$C$10, IF(F26=prms!$B$11,prms!$C$11, IF(F26=prms!$B$12,prms!$C$12, IF(F26=prms!$B$13,prms!$C$13, IF(F26=prms!$B$14,prms!$C$14, IF(F26=prms!$B$15,prms!$C$15, IF(F26=prms!$B$16,prms!$C$16, IF(F26=prms!$B$17,prms!$C$17, IF(F26=prms!$B$18,prms!$C$18, IF(F26=prms!$B$19,prms!$C$19, IF(F26=prms!$B$20,prms!$C$20, IF(F26=prms!$B$21,prms!$C$21, IF(F26=prms!$B$22,prms!$C$22, IF(F26=prms!$B$23,prms!$C$23, IF(F26=prms!$B$24,prms!$C$24, IF(F26=prms!$B$25,prms!$C$25, IF(F26=prms!$B$26,prms!$C$26, IF(F26=prms!$B$27,prms!$C$27, IF(F26=prms!$B$28,prms!$C$28, IF(F26=prms!$B$29,prms!$C$29, ))))))))))))))))))))))))) -> 1660
B28: density loose | D28: ρl,3 | E28: (kg/m3) | F28: =IF( F26=prms!$B$5,prms!$D$5, IF(F26=prms!$B$6,prms!$D$6, IF(F26=prms!$B$7,prms!$D$7, IF(F26=prms!$B$8,prms!$D$8, IF(F26=prms!$B$9,prms!$D$9, IF(F26=prms!$B$10,prms!$D$10, IF(F26=prms!$B$11,prms!$D$11, IF(F26=prms!$B$12,prms!$D$12, IF(F26=prms!$B$13,prms!$D$13, IF(F26=prms!$B$14,prms!$D$14, IF(F26=prms!$B$15,prms!$D$15, IF(F26=prms!$B$16,prms!$D$16, IF(F26=prms!$B$17,prms!$D$17, IF(F26=prms!$B$18,prms!$D$18, IF(F26=prms!$B$19,prms!$D$19, IF(F26=prms!$B$20,prms!$D$20, IF(F26=prms!$B$21,prms!$D$21, IF(F26=prms!$B$22,prms!$D$22, IF(F26=prms!$B$23,prms!$D$23, IF(F26=prms!$B$24,prms!$D$24, IF(F26=prms!$B$25,prms!$D$25, IF(F26=prms!$B$26,prms!$D$26, IF(F26=prms!$B$27,prms!$D$27, IF(F26=prms!$B$28,prms!$D$28, IF(F26=prms!$B$29,prms!$D$29))))))))))))))))))))))))) -> 1420
B30: layer 4 width | E30: (m) | F30: 20
B31: layer 4 height | E31: (m) | F31: 0.5
B32: layer 4 type | E32: (/) | F32: clay and gravel - wet
B33: density in bank | D33: ρb,4 | E33: (kg/m3) | F33: =IF( F32=prms!$B$5,prms!$C$5, IF(F32=prms!$B$6,prms!$C$6, IF(F32=prms!$B$7,prms!$C$7, IF(F32=prms!$B$8,prms!$C$8, IF(F32=prms!$B$9,prms!$C$9, IF(F32=prms!$B$10,prms!$C$10, IF(F32=prms!$B$11,prms!$C$11, IF(F32=prms!$B$12,prms!$C$12, IF(F32=prms!$B$13,prms!$C$13, IF(F32=prms!$B$14,prms!$C$14, IF(F32=prms!$B$15,prms!$C$15, IF(F32=prms!$B$16,prms!$C$16, IF(F32=prms!$B$17,prms!$C$17, IF(F32=prms!$B$18,prms!$C$18, IF(F32=prms!$B$19,prms!$C$19, IF(F32=prms!$B$20,prms!$C$20, IF(F32=prms!$B$21,prms!$C$21, IF(F32=prms!$B$22,prms!$C$22, IF(F32=prms!$B$23,prms!$C$23, IF(F32=prms!$B$24,prms!$C$24, IF(F32=prms!$B$25,prms!$C$25, IF(F32=prms!$B$26,prms!$C$26, IF(F32=prms!$B$27,prms!$C$27, IF(F32=prms!$B$28,prms!$C$28, IF(F32=prms!$B$29,prms!$C$29, ))))))))))))))))))))))))) -> 1840
B34: density loose | D34: ρl,4 | E34: (kg/m3) | F34: =IF( F32=prms!$B$5,prms!$D$5, IF(F32=prms!$B$6,prms!$D$6, IF(F32=prms!$B$7,prms!$D$7, IF(F32=prms!$B$8,prms!$D$8, IF(F32=prms!$B$9,prms!$D$9, IF(F32=prms!$B$10,prms!$D$10, IF(F32=prms!$B$11,prms!$D$11, IF(F32=prms!$B$12,prms!$D$12, IF(F32=prms!$B$13,prms!$D$13, IF(F32=prms!$B$14,prms!$D$14, IF(F32=prms!$B$15,prms!$D$15, IF(F32=prms!$B$16,prms!$D$16, IF(F32=prms!$B$17,prms!$D$17, IF(F32=prms!$B$18,prms!$D$18, IF(F32=prms!$B$19,prms!$D$19, IF(F32=prms!$B$20,prms!$D$20, IF(F32=prms!$B$21,prms!$D$21, IF(F32=prms!$B$22,prms!$D$22, IF(F32=prms!$B$23,prms!$D$23, IF(F32=prms!$B$24,prms!$D$24, IF(F32=prms!$B$25,prms!$D$25, IF(F32=prms!$B$26,prms!$D$26, IF(F32=prms!$B$27,prms!$D$27, IF(F32=prms!$B$28,prms!$D$28, IF(F32=prms!$B$29,prms!$D$29))))))))))))))))))))))))) -> 1540
B36: layer 5 width | E36: (m) | F36: 20
B37: layer 5 height | E37: (m) | F37: 0.5
B38: layer 5 type | E38: (/) | F38: earth - dry packed
B39: density in bank | D39: ρb,5 | E39: (kg/m3) | F39: =IF( F38=prms!$B$5,prms!$C$5, IF(F38=prms!$B$6,prms!$C$6, IF(F38=prms!$B$7,prms!$C$7, IF(F38=prms!$B$8,prms!$C$8, IF(F38=prms!$B$9,prms!$C$9, IF(F38=prms!$B$10,prms!$C$10, IF(F38=prms!$B$11,prms!$C$11, IF(F38=prms!$B$12,prms!$C$12, IF(F38=prms!$B$13,prms!$C$13, IF(F38=prms!$B$14,prms!$C$14, IF(F38=prms!$B$15,prms!$C$15, IF(F38=prms!$B$16,prms!$C$16, IF(F38=prms!$B$17,prms!$C$17, IF(F38=prms!$B$18,prms!$C$18, IF(F38=prms!$B$19,prms!$C$19, IF(F38=prms!$B$20,prms!$C$20, IF(F38=prms!$B$21,prms!$C$21, IF(F38=prms!$B$22,prms!$C$22, IF(F38=prms!$B$23,prms!$C$23, IF(F38=prms!$B$24,prms!$C$24, IF(F38=prms!$B$25,prms!$C$25, IF(F38=prms!$B$26,prms!$C$26, IF(F38=prms!$B$27,prms!$C$27, IF(F38=prms!$B$28,prms!$C$28, IF(F38=prms!$B$29,prms!$C$29, ))))))))))))))))))))))))) -> 1900
B40: density loose | D40: ρl,5 | E40: (kg/m3) | F40: =IF( F38=prms!$B$5,prms!$D$5, IF(F38=prms!$B$6,prms!$D$6, IF(F38=prms!$B$7,prms!$D$7, IF(F38=prms!$B$8,prms!$D$8, IF(F38=prms!$B$9,prms!$D$9, IF(F38=prms!$B$10,prms!$D$10, IF(F38=prms!$B$11,prms!$D$11, IF(F38=prms!$B$12,prms!$D$12, IF(F38=prms!$B$13,prms!$D$13, IF(F38=prms!$B$14,prms!$D$14, IF(F38=prms!$B$15,prms!$D$15, IF(F38=prms!$B$16,prms!$D$16, IF(F38=prms!$B$17,prms!$D$17, IF(F38=prms!$B$18,prms!$D$18, IF(F38=prms!$B$19,prms!$D$19, IF(F38=prms!$B$20,prms!$D$20, IF(F38=prms!$B$21,prms!$D$21, IF(F38=prms!$B$22,prms!$D$22, IF(F38=prms!$B$23,prms!$D$23, IF(F38=prms!$B$24,prms!$D$24, IF(F38=prms!$B$25,prms!$D$25, IF(F38=prms!$B$26,prms!$D$26, IF(F38=prms!$B$27,prms!$D$27, IF(F38=prms!$B$28,prms!$D$28, IF(F38=prms!$B$29,prms!$D$29))))))))))))))))))))))))) -> 1510
B42: total cut volume | E42: (m3) | F42: =F4*(F12*F13+F18*F19+F24*F25+F30*F31+F36*F37) -> 50000
B44: EXCAVATORS FOR CUTTING (up to three types of excavator)
B46: excavator "A" | E46: (-) | F46: 1 | G46: "1" for use, "0" for no use
B47: excavator "A" type | E47: (/) | F47: mini tracked excavator
B48: power | E48: (kW) | F48: 20 | G48: inside this suggested range | I48: =IF($F$47=prms!F5,prms!G5,IF($F$47=prms!F6,prms!G6,IF('2 CUT'!$F$47=prms!F7,prms!G7,IF('2 CUT'!$F$47=prms!F8,prms!G8,IF('2 CUT'!$F$47=prms!F9,prms!G9,1))))) -> 6.8 - 48.5
B49: specific consumption | D49: SCex,A | E49: (kg / kW h) | F49: 0.25 | G49: 0.25 if characteristic curve is not available
B50: daily duration of excavator use | D50: Tex,A | E50: (min) | F50: 480
B51: specific weight of fuel | D51: ρex,A,fuel | E51: (kg/l) | F51: 0.85
B52: productivity | D52: Prex,A | E52: (h/m3) | F52: 0.01 | G52: inside this suggested range | I52: 0.007 - 0.012
B53: load factor 1 for layer 1 | D53: LFex,A,1,1 | E53: (-) | F53: =0.0339*EXP(0.0014*$F$15) -> 0.44559703
B54: load factor 1 for layer 2 | D54: LFex,A,1,2 | E54: (-) | F54: =0.0339*EXP(0.0014*$F$21) -> 0.62354131
B55: load factor 1 for layer 3 | D55: LFex,A,1,3 | E55: (-) | F55: =0.0339*EXP(0.0014*$F$27) -> 0.34633794
B56: load factor 1 for layer 4 | D56: LFex,A,1,4 | E56: (-) | F56: =0.0339*EXP(0.0014*$F$33) -> 0.44559703
B57: load factor 1 for layer 5 | D57: LFex,A,1,5 | E57: (-) | F57: =0.0339*EXP(0.0014*$F$39) -> 0.4846442
B58: load factor 2 | D58: LFex,A,2 | E58: (-) | F58: 0.5
B59: fuel consumption per m3 | D59: FCex,A,m3 | E59: (l/m3) | F59: =F48*F49*( (F53*$F$13+F54*$F$19+F55*$F$25+F56*$F$31+F57*$F$37)/($F$13+$F$19+$F$25+$F$31+$F$37) +F58)/2*1/F51*F52 -> 0.028504221
B61: excavator "B" | E61: (-) | F61: 1 | G61: "1" for use, "0" for no use
B62: excavator "B" type | E62: (/) | F62: small tracked excavator
B63: power | E63: (kW) | F63: 70 | G63: inside this suggested range | I63: =IF($F$62=prms!F5,prms!G5,IF($F$62=prms!F6,prms!G6,IF('2 CUT'!$F$62=prms!F7,prms!G7,IF('2 CUT'!$F$62=prms!F8,prms!G8,IF('2 CUT'!$F$62=prms!F9,prms!G9,1))))) -> 60 - 95
B64: specific consumption | D64: SCex,B | E64: (kg / kW h) | F64: 0.25 | G64: 0.25 if characteristic curve is not available
B65: daily duration of excavator use | D65: Tex,B | E65: (min) | F65: 480
B66: specific weight of fuel | D66: ρex,B,fuel | E66: (kg/l) | F66: 0.85
B67: productivity | D67: Prex,B | E67: (h/m3) | F67: 0.01 | G67: inside this suggested range | I67: 0.007 - 0.012
B68: load factor 1 for layer 1 | D68: LFex,B,1,1 | E68: (-) | F68: =0.0339*EXP(0.0014*$F$15) -> 0.44559703
B69: load factor 1 for layer 2 | D69: LFex,B,1,2 | E69: (-) | F69: =0.0339*EXP(0.0014*$F$21) -> 0.62354131
B70: load factor 1 for layer 3 | D70: LFex,B,1,3 | E70: (-) | F70: =0.0339*EXP(0.0014*$F$27) -> 0.34633794
B71: load factor 1 for layer 4 | D71: LFex,B,1,4 | E71: (-) | F71: =0.0339*EXP(0.0014*$F$33) -> 0.44559703
B72: load factor 1 for layer 5 | D72: LFex,B,1,5 | E72: (-) | F72: =0.0339*EXP(0.0014*$F$39) -> 0.4846442
B73: load factor 2 | D73: LFex,B,2 | E73: (-) | F73: 0.5
B74: fuel consumption per m3 | D74: FCex,B,m3 | E74: (l/m3) | F74: =F63*F64*( (F68*$F$13+F69*$F$19+F70*$F$25+F71*$F$31+F72*$F$37)/($F$13+$F$19+$F$25+$F$31+$F$37) +F73)/2*1/F66*F67 -> 0.099764772
B76: excavator "C" | E76: (-) | F76: 1 | G76: "1" for use, "0" for no use
B77: excavator "C" type | E77: (/) | F77: medium tracked excavator
B78: power | E78: (kW) | F78: 150 | G78: inside this suggested range | I78: =IF($F$77=prms!F5,prms!G5,IF($F$77=prms!F6,prms!G6,IF('2 CUT'!$F$77=prms!F7,prms!G7,IF('2 CUT'!$F$77=prms!F8,prms!G8,IF('2 CUT'!$F$77=prms!F9,prms!G9,1))))) -> 95 - 200
B79: specific consumption | D79: SCex,C | E79: (kg / kW h) | F79: 0.25 | G79: 0.25 if characteristic curve is not available
B80: daily duration of excavator use | D80: Tex,C | E80: (min) | F80: 480
B81: specific weight of fuel | D81: ρex,C,fuel | E81: (kg/l) | F81: 0.85
B82: productivity | D82: Prex,C | E82: (h/m3) | F82: 0.01 | G82: inside this suggested range | I82: 0.007 - 0.012
B83: load factor 1 for layer 1 | D83: LFex,C,1,1 | E83: (-) | F83: =0.0339*EXP(0.0014*$F$15) -> 0.44559703
B84: load factor 1 for layer 2 | D84: LFex,C,1,2 | E84: (-) | F84: =0.0339*EXP(0.0014*$F$21) -> 0.62354131
B85: load factor 1 for layer 3 | D85: LFex,C,1,3 | E85: (-) | F85: =0.0339*EXP(0.0014*$F$27) -> 0.34633794
B86: load factor 1 for layer 4 | D86: LFex,C,1,4 | E86: (-) | F86: =0.0339*EXP(0.0014*$F$33) -> 0.44559703
B87: load factor 1 for layer 5 | D87: LFex,C,1,5 | E87: (-) | F87: =0.0339*EXP(0.0014*$F$39) -> 0.4846442
B88: load factor 2 | D88: LFex,C,2 | E88: (-) | F88: 0.5
B89: fuel consumption per m3 | D89: FCex,C,m3 | E89: (l/m3) | F89: =F78*F79*( (F83*$F$13+F84*$F$19+F85*$F$25+F86*$F$31+F87*$F$37)/($F$13+$F$19+$F$25+$F$31+$F$37) +F88)/2*1/F81*F82 -> 0.21378165
B91: TRANSPORT TO REMOVE CUT (up to three types of vehicles)
B93: vehicle "A" | E93: (-) | F93: 1 | G93: "1" for use, "0" for no use
B94: vehicle "A" type | E94: (/) | F94: light on-road truck
B95: capacity | D95: Ctr,A | E95: (m3) | F95: 7.5 | G95: inside this suggested range | I95: =IF(F94=prms!AA5,prms!AC5, IF('2 CUT'!F94=prms!AA6,prms!AC6, IF('2 CUT'!F94=prms!AA7,prms!AC7, IF('2 CUT'!F94=prms!AA8,prms!AC8,IF('2 CUT'!F94=prms!AA9,prms!AC9,1))))) -> 5 - 10
B96: fuel consumption | D96: Itr,A | E96: (l/km) | F96: 0.15 | G96: inside this suggested range | I96: =IF(F94=prms!AA5,prms!AD5, IF('2 CUT'!F94=prms!AA6,prms!AD6, IF('2 CUT'!F94=prms!AA7,prms!AD7, IF('2 CUT'!F94=prms!AA8,prms!AD8,IF('2 CUT'!F94=prms!AA9,prms!AD9,1))))) -> 0.2 - 0.1
B97: traveling distance | D97: Rtr,A | E97: (km) | F97: 10
B98: K full-empty coefficient | D98: Ktr,A | E98: (-) | F98: 1.7
B99: fuel consumption per m3 | D99: FCtr,A,m3 | E99: (l/m3) | F99: =F98*F97*F96/F95 -> 0.34
B101: vehicle "B" | E101: (-) | F101: 1 | G101: "1" for use, "0" for no use
B102: vehicle "B" type | E102: (/) | F102: medium on-road truck
B103: capacity | D103: Ctr,B | E103: (m3) | F103: 12.5 | G103: inside this suggested range | I103: =IF(F102=prms!AA5,prms!AC5, IF('2 CUT'!F102=prms!AA6,prms!AC6, IF('2 CUT'!F102=prms!AA7,prms!AC7, IF('2 CUT'!F102=prms!AA8,prms!AC8,IF('2 CUT'!F102=prms!AA9,prms!AC9,1))))) -> 10 - 15
B104: fuel consumption | D104: Itr,B | E104: (l/km) | F104: 0.25 | G104: inside this suggested range | I104: =IF(F102=prms!AA5,prms!AD5, IF('2 CUT'!F102=prms!AA6,prms!AD6, IF('2 CUT'!F102=prms!AA7,prms!AD7, IF('2 CUT'!F102=prms!AA8,prms!AD8,IF('2 CUT'!F102=prms!AA9,prms!AD9,1))))) -> 0.3 - 0.2
B105: traveling distance | D105: Rtr,B | E105: (km) | F105: 10
B106: K full-empty coefficient | D106: Ktr,B | E106: (-) | F106: 1.7
B107: fuel consumption per m3 | D107: FCtr,B,m3 | E107: (l/m3) | F107: =F106*F105*F104/F103 -> 0.34
B109: vehicle "C" | E109: (-) | F109: 1 | G109: "1" for use, "0" for no use
B110: vehicle "C" type | E110: (/) | F110: heavy on-road truck
B111: capacity | D111: Ctr,C | E111: (m3) | F111: 17.5 | G111: inside this suggested range | I111: =IF(F110=prms!AA5,prms!AC5, IF('2 CUT'!F110=prms!AA6,prms!AC6, IF('2 CUT'!F110=prms!AA7,prms!AC7, IF('2 CUT'!F110=prms!AA8,prms!AC8,IF('2 CUT'!F110=prms!AA9,prms!AC9,1))))) -> 15 - 20
B112: fuel consumption | D112: Itr,C | E112: (l/km) | F112: 0.35 | G112: inside this suggested range | I112: =IF(F110=prms!AA5,prms!AD5, IF('2 CUT'!F110=prms!AA6,prms!AD6, IF('2 CUT'!F110=prms!AA7,prms!AD7, IF('2 CUT'!F110=prms!AA8,prms!AD8,IF('2 CUT'!F110=prms!AA9,prms!AD9,1))))) -> 0.4 - 0.3
B113: traveling distance | D113: Rtr,C | E113: (km) | F113: 10
B114: K full-empty coefficient | D114: Ktr,C | E114: (-) | F114: 1.7
B115: fuel consumption per m3 | D115: FCtr,C,m3 | E115: (l/m3) | F115: =F114*F113*F112/F111 -> 0.34
B117: EXCAVATORS FOR CUTTING (up to three types of excavator)
B119: excavator "A" power ripartition factor | E119: (-) | F119: =F46*F48/($F$46*$F$48+$F$61*$F$63+$F$76*$F$78) -> 0.083333333
B120: excavator "B" power ripartition factor | E120: (-) | F120: =F61*F63/($F$46*$F$48+$F$61*$F$63+$F$76*$F$78) -> 0.29166667
B121: excavator "C" power ripartition factor | E121: (-) | F121: =F76*F78/($F$46*$F$48+$F$61*$F$63+$F$76*$F$78) -> 0.625
...

Sheet 2 FILL
B2: ROAD LENGTH
B4: road length | E4: (m) | F4: 1000
B6: NEED TO FILL?
B8: need to fill? | E8: (/) | F8: 1 | G8: "1" for use, "0" for no use
B10: FILL TERRAIN TYPE (up to 5 layers)
B12: layer 1 width | E12: (m) | F12: 20
B13: layer 1 height | E13: (m) | F13: 0.3
B14: layer 1 type | E14: (/) | F14: gravel - dry
B15: density in bank | D15: ρb,1 | E15: (kg/m3) | F15: =IF( F14=prms!$B$5,prms!$C$5, IF(F14=prms!$B$6,prms!$C$6, IF(F14=prms!$B$7,prms!$C$7, IF(F14=prms!$B$8,prms!$C$8, IF(F14=prms!$B$9,prms!$C$9, IF(F14=prms!$B$10,prms!$C$10, IF(F14=prms!$B$11,prms!$C$11, IF(F14=prms!$B$12,prms!$C$12, IF(F14=prms!$B$13,prms!$C$13, IF(F14=prms!$B$14,prms!$C$14, IF(F14=prms!$B$15,prms!$C$15, IF(F14=prms!$B$16,prms!$C$16, IF(F14=prms!$B$17,prms!$C$17, IF(F14=prms!$B$18,prms!$C$18, IF(F14=prms!$B$19,prms!$C$19, IF(F14=prms!$B$20,prms!$C$20, IF(F14=prms!$B$21,prms!$C$21, IF(F14=prms!$B$22,prms!$C$22, IF(F14=prms!$B$23,prms!$C$23, IF(F14=prms!$B$24,prms!$C$24, IF(F14=prms!$B$25,prms!$C$25, IF(F14=prms!$B$26,prms!$C$26, IF(F14=prms!$B$27,prms!$C$27, IF(F14=prms!$B$28,prms!$C$28, IF(F14=prms!$B$29,prms!$C$29, ))))))))))))))))))))))))) -> 1690
B16: density loose | D16: ρl,1 | E16: (kg/m3) | F16: =IF( F14=prms!$B$5,prms!$D$5, IF(F14=prms!$B$6,prms!$D$6, IF(F14=prms!$B$7,prms!$D$7, IF(F14=prms!$B$8,prms!$D$8, IF(F14=prms!$B$9,prms!$D$9, IF(F14=prms!$B$10,prms!$D$10, IF(F14=prms!$B$11,prms!$D$11, IF(F14=prms!$B$12,prms!$D$12, IF(F14=prms!$B$13,prms!$D$13, IF(F14=prms!$B$14,prms!$D$14, IF(F14=prms!$B$15,prms!$D$15, IF(F14=prms!$B$16,prms!$D$16, IF(F14=prms!$B$17,prms!$D$17, IF(F14=prms!$B$18,prms!$D$18, IF(F14=prms!$B$19,prms!$D$19, IF(F14=prms!$B$20,prms!$D$20, IF(F14=prms!$B$21,prms!$D$21, IF(F14=prms!$B$22,prms!$D$22, IF(F14=prms!$B$23,prms!$D$23, IF(F14=prms!$B$24,prms!$D$24, IF(F14=prms!$B$25,prms!$D$25, IF(F14=prms!$B$26,prms!$D$26, IF(F14=prms!$B$27,prms!$D$27, IF(F14=prms!$B$28,prms!$D$28, IF(F14=prms!$B$29,prms!$D$29))))))))))))))))))))))))) -> 1510
B18: layer 2 width | E18: (m) | F18: 20
B19: layer 2 height | E19: (m) | F19: 0.3
B20: layer 2 type | E20: (/) | F20: gravel - wet 6-50 mm
B21: density in bank | D21: ρb,2 | E21: (kg/m3) | F21: =IF( F20=prms!$B$5,prms!$C$5, IF(F20=prms!$B$6,prms!$C$6, IF(F20=prms!$B$7,prms!$C$7, IF(F20=prms!$B$8,prms!$C$8, IF(F20=prms!$B$9,prms!$C$9, IF(F20=prms!$B$10,prms!$C$10, IF(F20=prms!$B$11,prms!$C$11, IF(F20=prms!$B$12,prms!$C$12, IF(F20=prms!$B$13,prms!$C$13, IF(F20=prms!$B$14,prms!$C$14, IF(F20=prms!$B$15,prms!$C$15, IF(F20=prms!$B$16,prms!$C$16, IF(F20=prms!$B$17,prms!$C$17, IF(F20=prms!$B$18,prms!$C$18, IF(F20=prms!$B$19,prms!$C$19, IF(F20=prms!$B$20,prms!$C$20, IF(F20=prms!$B$21,prms!$C$21, IF(F20=prms!$B$22,prms!$C$22, IF(F20=prms!$B$23,prms!$C$23, IF(F20=prms!$B$24,prms!$C$24, IF(F20=prms!$B$25,prms!$C$25, IF(F20=prms!$B$26,prms!$C$26, IF(F20=prms!$B$27,prms!$C$27, IF(F20=prms!$B$28,prms!$C$28, IF(F20=prms!$B$29,prms!$C$29, ))))))))))))))))))))))))) -> 2260
B22: density loose | D22: ρl,2 | E22: (kg/m3) | F22: =IF( F20=prms!$B$5,prms!$D$5, IF(F20=prms!$B$6,prms!$D$6, IF(F20=prms!$B$7,prms!$D$7, IF(F20=prms!$B$8,prms!$D$8, IF(F20=prms!$B$9,prms!$D$9, IF(F20=prms!$B$10,prms!$D$10, IF(F20=prms!$B$11,prms!$D$11, IF(F20=prms!$B$12,prms!$D$12, IF(F20=prms!$B$13,prms!$D$13, IF(F20=prms!$B$14,prms!$D$14, IF(F20=prms!$B$15,prms!$D$15, IF(F20=prms!$B$16,prms!$D$16, IF(F20=prms!$B$17,prms!$D$17, IF(F20=prms!$B$18,prms!$D$18, IF(F20=prms!$B$19,prms!$D$19, IF(F20=prms!$B$20,prms!$D$20, IF(F20=prms!$B$21,prms!$D$21, IF(F20=prms!$B$22,prms!$D$22, IF(F20=prms!$B$23,prms!$D$23, IF(F20=prms!$B$24,prms!$D$24, IF(F20=prms!$B$25,prms!$D$25, IF(F20=prms!$B$26,prms!$D$26, IF(F20=prms!$B$27,prms!$D$27, IF(F20=prms!$B$28,prms!$D$28, IF(F20=prms!$B$29,prms!$D$29))))))))))))))))))))))))) -> 2020
B24: layer 3 width | E24: (m) | F24: 20
B25: layer 3 height | E25: (m) | F25: 0.3
B26: layer 3 type | E26: (/) | F26: rock 25% earth 75%
B27: density in bank | D27: ρb,3 | E27: (kg/m3) | F27: =IF( F26=prms!$B$5,prms!$C$5, IF(F26=prms!$B$6,prms!$C$6, IF(F26=prms!$B$7,prms!$C$7, IF(F26=prms!$B$8,prms!$C$8, IF(F26=prms!$B$9,prms!$C$9, IF(F26=prms!$B$10,prms!$C$10, IF(F26=prms!$B$11,prms!$C$11, IF(F26=prms!$B$12,prms!$C$12, IF(F26=prms!$B$13,prms!$C$13, IF(F26=prms!$B$14,prms!$C$14, IF(F26=prms!$B$15,prms!$C$15, IF(F26=prms!$B$16,prms!$C$16, IF(F26=prms!$B$17,prms!$C$17, IF(F26=prms!$B$18,prms!$C$18, IF(F26=prms!$B$19,prms!$C$19, IF(F26=prms!$B$20,prms!$C$20, IF(F26=prms!$B$21,prms!$C$21, IF(F26=prms!$B$22,prms!$C$22, IF(F26=prms!$B$23,prms!$C$23, IF(F26=prms!$B$24,prms!$C$24, IF(F26=prms!$B$25,prms!$C$25, IF(F26=prms!$B$26,prms!$C$26, IF(F26=prms!$B$27,prms!$C$27, IF(F26=prms!$B$28,prms!$C$28, IF(F26=prms!$B$29,prms!$C$29, ))))))))))))))))))))))))) -> 1960
B28: density loose | D28: ρl,3 | E28: (kg/m3) | F28: =IF( F26=prms!$B$5,prms!$D$5, IF(F26=prms!$B$6,prms!$D$6, IF(F26=prms!$B$7,prms!$D$7, IF(F26=prms!$B$8,prms!$D$8, IF(F26=prms!$B$9,prms!$D$9, IF(F26=prms!$B$10,prms!$D$10, IF(F26=prms!$B$11,prms!$D$11, IF(F26=prms!$B$12,prms!$D$12, IF(F26=prms!$B$13,prms!$D$13, IF(F26=prms!$B$14,prms!$D$14, IF(F26=prms!$B$15,prms!$D$15, IF(F26=prms!$B$16,prms!$D$16, IF(F26=prms!$B$17,prms!$D$17, IF(F26=prms!$B$18,prms!$D$18, IF(F26=prms!$B$19,prms!$D$19, IF(F26=prms!$B$20,prms!$D$20, IF(F26=prms!$B$21,prms!$D$21, IF(F26=prms!$B$22,prms!$D$22, IF(F26=prms!$B$23,prms!$D$23, IF(F26=prms!$B$24,prms!$D$24, IF(F26=prms!$B$25,prms!$D$25, IF(F26=prms!$B$26,prms!$D$26, IF(F26=prms!$B$27,prms!$D$27, IF(F26=prms!$B$28,prms!$D$28, IF(F26=prms!$B$29,prms!$D$29))))))))))))))))))))))))) -> 1570
B30: layer 4 width | E30: (m) | F30: 20
B31: layer 4 height | E31: (m) | F31: 0.3
B32: layer 4 type | E32: (/) | F32: rock 50% earth 50%
B33: density in bank | D33: ρb,4 | E33: (kg/m3) | F33: =IF( F32=prms!$B$5,prms!$C$5, IF(F32=prms!$B$6,prms!$C$6, IF(F32=prms!$B$7,prms!$C$7, IF(F32=prms!$B$8,prms!$C$8, IF(F32=prms!$B$9,prms!$C$9, IF(F32=prms!$B$10,prms!$C$10, IF(F32=prms!$B$11,prms!$C$11, IF(F32=prms!$B$12,prms!$C$12, IF(F32=prms!$B$13,prms!$C$13, IF(F32=prms!$B$14,prms!$C$14, IF(F32=prms!$B$15,prms!$C$15, IF(F32=prms!$B$16,prms!$C$16, IF(F32=prms!$B$17,prms!$C$17, IF(F32=prms!$B$18,prms!$C$18, IF(F32=prms!$B$19,prms!$C$19, IF(F32=prms!$B$20,prms!$C$20, IF(F32=prms!$B$21,prms!$C$21, IF(F32=prms!$B$22,prms!$C$22, IF(F32=prms!$B$23,prms!$C$23, IF(F32=prms!$B$24,prms!$C$24, IF(F32=prms!$B$25,prms!$C$25, IF(F32=prms!$B$26,prms!$C$26, IF(F32=prms!$B$27,prms!$C$27, IF(F32=prms!$B$28,prms!$C$28, IF(F32=prms!$B$29,prms!$C$29, ))))))))))))))))))))))))) -> 2280
B34: density loose | D34: ρl,4 | E34: (kg/m3) | F34: =IF( F32=prms!$B$5,prms!$D$5, IF(F32=prms!$B$6,prms!$D$6, IF(F32=prms!$B$7,prms!$D$7, IF(F32=prms!$B$8,prms!$D$8, IF(F32=prms!$B$9,prms!$D$9, IF(F32=prms!$B$10,prms!$D$10, IF(F32=prms!$B$11,prms!$D$11, IF(F32=prms!$B$12,prms!$D$12, IF(F32=prms!$B$13,prms!$D$13, IF(F32=prms!$B$14,prms!$D$14, IF(F32=prms!$B$15,prms!$D$15, IF(F32=prms!$B$16,prms!$D$16, IF(F32=prms!$B$17,prms!$D$17, IF(F32=prms!$B$18,prms!$D$18, IF(F32=prms!$B$19,prms!$D$19, IF(F32=prms!$B$20,prms!$D$20, IF(F32=prms!$B$21,prms!$D$21, IF(F32=prms!$B$22,prms!$D$22, IF(F32=prms!$B$23,prms!$D$23, IF(F32=prms!$B$24,prms!$D$24, IF(F32=prms!$B$25,prms!$D$25, IF(F32=prms!$B$26,prms!$D$26, IF(F32=prms!$B$27,prms!$D$27, IF(F32=prms!$B$28,prms!$D$28, IF(F32=prms!$B$29,prms!$D$29))))))))))))))))))))))))) -> 1720
B36: layer 5 width | E36: (m) | F36: 20
B37: layer 5 height | E37: (m) | F37: 0.3
B38: layer 5 type | E38: (/) | F38: rock 75% earth 25%
B39: density in bank | D39: ρb,5 | E39: (kg/m3) | F39: =IF( F38=prms!$B$5,prms!$C$5, IF(F38=prms!$B$6,prms!$C$6, IF(F38=prms!$B$7,prms!$C$7, IF(F38=prms!$B$8,prms!$C$8, IF(F38=prms!$B$9,prms!$C$9, IF(F38=prms!$B$10,prms!$C$10, IF(F38=prms!$B$11,prms!$C$11, IF(F38=prms!$B$12,prms!$C$12, IF(F38=prms!$B$13,prms!$C$13, IF(F38=prms!$B$14,prms!$C$14, IF(F38=prms!$B$15,prms!$C$15, IF(F38=prms!$B$16,prms!$C$16, IF(F38=prms!$B$17,prms!$C$17, IF(F38=prms!$B$18,prms!$C$18, IF(F38=prms!$B$19,prms!$C$19, IF(F38=prms!$B$20,prms!$C$20, IF(F38=prms!$B$21,prms!$C$21, IF(F38=prms!$B$22,prms!$C$22, IF(F38=prms!$B$23,prms!$C$23, IF(F38=prms!$B$24,prms!$C$24, IF(F38=prms!$B$25,prms!$C$25, IF(F38=prms!$B$26,prms!$C$26, IF(F38=prms!$B$27,prms!$C$27, IF(F38=prms!$B$28,prms!$C$28, IF(F38=prms!$B$29,prms!$C$29, ))))))))))))))))))))))))) -> 2790
B40: density loose | D40: ρl,5 | E40: (kg/m3) | F40: =IF( F38=prms!$B$5,prms!$D$5, IF(F38=prms!$B$6,prms!$D$6, IF(F38=prms!$B$7,prms!$D$7, IF(F38=prms!$B$8,prms!$D$8, IF(F38=prms!$B$9,prms!$D$9, IF(F38=prms!$B$10,prms!$D$10, IF(F38=prms!$B$11,prms!$D$11, IF(F38=prms!$B$12,prms!$D$12, IF(F38=prms!$B$13,prms!$D$13, IF(F38=prms!$B$14,prms!$D$14, IF(F38=prms!$B$15,prms!$D$15, IF(F38=prms!$B$16,prms!$D$16, IF(F38=prms!$B$17,prms!$D$17, IF(F38=prms!$B$18,prms!$D$18, IF(F38=prms!$B$19,prms!$D$19, IF(F38=prms!$B$20,prms!$D$20, IF(F38=prms!$B$21,prms!$D$21, IF(F38=prms!$B$22,prms!$D$22, IF(F38=prms!$B$23,prms!$D$23, IF(F38=prms!$B$24,prms!$D$24, IF(F38=prms!$B$25,prms!$D$25, IF(F38=prms!$B$26,prms!$D$26, IF(F38=prms!$B$27,prms!$D$27, IF(F38=prms!$B$28,prms!$D$28, IF(F38=prms!$B$29,prms!$D$29))))))))))))))))))))))))) -> 1960
B42: total fill volume | E42: (m3) | F42: =F4*(F12*F13+F18*F19+F24*F25+F30*F31+F36*F37) -> 30000
B44: LOADERS FOR FILLING (up to three types of loader)
B46: loader "A" | E46: (-) | F46: 1 | G46: "1" for use, "0" for no use
B47: loader "A" type | E47: (/) | F47: mini loader
B48: power | E48: (kW) | F48: 60 | G48: inside this suggested range | I48: =IF($F$47=prms!I5,prms!J5,IF($F$47=prms!I6,prms!J6,IF('2 FILL'!$F$47=prms!I7,prms!J7,IF('2 FILL'!$F$47=prms!I8,prms!J8,IF('2 FILL'!$F$47=prms!I9,prms!J9,1))))) -> 52 - 71
B49: bucket capacity | E49: (m3) | F49: 1.5 | G49: inside this suggested range | I49: =IF($F$47=prms!I5,prms!K5,IF($F$47=prms!I6,prms!K6,IF('2 FILL'!$F$47=prms!I7,prms!K7,IF('2 FILL'!$F$47=prms!I8,prms!K8,IF('2 FILL'!$F$47=prms!I9,prms!K9,1))))) -> 0.23 - 1.80
B50: specific consumption | D50: SClo,A | E50: (kg / kW h) | F50: 0.25 | G50: 0.25 if characteristic curve is not available
B51: grade of the slope | D51: Glo,A | E51: (°) | F51: 5 | G51: inside this suggested range | I51: 0 - 35
B52: specific weight of fuel | D52: ρlo,A,fuel | E52: (kg/l) | F52: 0.85
B53: productivity | D53: Prlo,A | E53: (h/m3) | F53: 0.01 | G53: inside this suggested range | I53: 0.007 - 0.012
B54: load factor 1 for layer 1 | D54: LFlo,A,1,1 | E54: (-) | F54: =0.05862*EXP(0.00101*$F$16) -> 0.26939425
B55: load factor 1 for layer 2 | D55: LFlo,A,1,2 | E55: (-) | F55: =0.05862*EXP(0.00101*$F$22) -> 0.45091368
B56: load factor 1 for layer 3 | D56: LFlo,A,1,3 | E56: (-) | F56: =0.05862*EXP(0.00101*$F$28) -> 0.28622435
B57: load factor 1 for layer 4 | D57: LFlo,A,1,4 | E57: (-) | F57: =0.05862*EXP(0.00101*$F$34) -> 0.33304444
B58: load factor 1 for layer 5 | D58: LFlo,A,1,5 | E58: (-) | F58: =0.05862*EXP(0.00101*$F$40) -> 0.4243998
B59: load factor 2 | D59: LFlo,A,2 | E59: (-) | F59: =0.00868*F51+0.15333 -> 0.19673
B60: fuel consumption per m3 | D60: FClo,A,m3 | E60: (l/m3) | F60: =F48*F50*( (F54*$F$13+F55*$F$19+F56*$F$25+F57*$F$31+F58*$F$37)/($F$13+$F$19+$F$25+$F$31+$F$37) +F59)/2*1/F52*F53 -> 0.048487527
B62: loader "B" | E62: (-) | F62: 1 | G62: "1" for use, "0" for no use
B63: loader "B" type | E63: (/) | F63: small wheel loader
B64: power | E64: (kW) | F64: 90 | G64: inside this suggested range | I64: =IF($F$63=prms!I5,prms!J5,IF($F$63=prms!I6,prms!J6,IF('2 FILL'!$F$63=prms!I7,prms!J7,IF('2 FILL'!$F$63=prms!I8,prms!J8,IF('2 FILL'!$F$63=prms!I9,prms!J9,1))))) -> 46 - 126
B65: bucket capacity | E65: (m3) | F65: 3 | G65: inside this suggested range | I65: =IF($F$63=prms!I5,prms!K5,IF($F$63=prms!I6,prms!K6,IF('2 FILL'!$F$63=prms!I7,prms!K7,IF('2 FILL'!$F$63=prms!I8,prms!K8,IF('2 FILL'!$F$63=prms!I9,prms!K9,1))))) -> 0.80 - 5.00
B66: specific consumption | D66: SClo,B | E66: (kg / kW h) | F66: 0.25 | G66: 0.25 if characteristic curve is not available
B67: grade of the slope | D67: Glo,B | E67: (°) | F67: 5 | G67: inside this suggested range | I67: 0 - 35
B68: specific weight of fuel | D68: ρlo,B,fuel | E68: (kg/l) | F68: 0.85
B69: productivity | D69: Prlo,B | E69: (h/m3) | F69: 0.01 | G69: inside this suggested range | I69: 0.007 - 0.012
B70: load factor 1 for layer 1 | D70: LFlo,B,1,1 | E70: (-) | F70: =0.05862*EXP(0.00101*$F$16) -> 0.26939425
B71: load factor 1 for layer 2 | D71: LFlo,B,1,2 | E71: (-) | F71: =0.05862*EXP(0.00101*$F$22) -> 0.45091368
B72: load factor 1 for layer 3 | D72: LFlo,B,1,3 | E72: (-) | F72: =0.05862*EXP(0.00101*$F$28) -> 0.28622435
B73: load factor 1 for layer 4 | D73: LFlo,B,1,4 | E73: (-) | F73: =0.05862*EXP(0.00101*$F$34) -> 0.33304444
B74: load factor 1 for layer 5 | D74: LFlo,B,1,5 | E74: (-) | F74: =0.05862*EXP(0.00101*$F$40) -> 0.4243998
B75: load factor 2 | D75: LFlo,B,2 | E75: (-) | F75: =0.00868*F67+0.15333 -> 0.19673
B76: fuel consumption per m3 | D76: FClo,B,m3 | E76: (l/m3) | F76: =F64*F66*( (F70*$F$13+F71*$F$19+F72*$F$25+F73*$F$31+F74*$F$37)/($F$13+$F$19+$F$25+$F$31+$F$37) +F75)/2*1/F68*F69 -> 0.07273129
B78: loader "C" | E78: (-) | F78: 1 | G78: "1" for use, "0" for no use
B79: loader "C" type | E79: (/) | F79: medium wheel loader
B80: power | E80: (kW) | F80: 220 | G80: inside this suggested range | I80: =IF($F$79=prms!I5,prms!J5,IF($F$79=prms!I6,prms!J6,IF('2 FILL'!$F$79=prms!I7,prms!J7,IF('2 FILL'!$F$79=prms!I8,prms!J8,IF('2 FILL'!$F$79=prms!I9,prms!J9,1))))) -> 140 - 303
B81: bucket capacity | E81: (m3) | F81: 9 | G81: inside this suggested range | I81: =IF($F$79=prms!I5,prms!K5,IF($F$79=prms!I6,prms!K6,IF('2 FILL'!$F$79=prms!I7,prms!K7,IF('2 FILL'!$F$79=prms!I8,prms!K8,IF('2 FILL'!$F$79=prms!I9,prms!K9,1))))) -> 3.00 - 14.00
B82: specific consumption | D82: SClo,C | E82: (kg / kW h) | F82: 0.25 | G82: 0.25 if characteristic curve is not available
B83: grade of the slope | D83: Glo,C | E83: (°) | F83: 5 | G83: inside this suggested range | I83: 0 - 35
B84: specific weight of fuel | D84: ρlo,C,fuel | E84: (kg/l) | F84: 0.85
B85: productivity | D85: Prlo,C | E85: (h/m3) | F85: 0.01 | G85: inside this suggested range | I85: 0.007 - 0.012
B86: load factor 1 for layer 1 | D86: LFlo,C,1,1 | E86: (-) | F86: =0.05862*EXP(0.00101*$F$16) -> 0.26939425
B87: load factor 1 for layer 2 | D87: LFlo,C,1,2 | E87: (-) | F87: =0.05862*EXP(0.00101*$F$22) -> 0.45091368
B88: load factor 1 for layer 3 | D88: LFlo,C,1,3 | E88: (-) | F88: =0.05862*EXP(0.00101*$F$28) -> 0.28622435
B89: load factor 1 for layer 4 | D89: LFlo,C,1,4 | E89: (-) | F89: =0.05862*EXP(0.00101*$F$34) -> 0.33304444
B90: load factor 1 for layer 5 | D90: LFlo,C,1,5 | E90: (-) | F90: =0.05862*EXP(0.00101*$F$40) -> 0.4243998
B91: load factor 2 | D91: LFlo,C,2 | E91: (-) | F91: =0.00868*F83+0.15333 -> 0.19673
B92: fuel consumption per m3 | D92: FClo,C,m3 | E92: (l/m3) | F92: =F80*F82*( (F86*$F$13+F87*$F$19+F88*$F$25+F89*$F$31+F90*$F$37)/($F$13+$F$19+$F$25+$F$31+$F$37) +F91)/2*1/F84*F85 -> 0.1777876
B94: TRANSPORT TO FREIGHT FILL (up to three types of vehicles)
B96: vehicle "A" | E96: (-) | F96: 1 | G96: "1" for use, "0" for no use
B97: vehicle "A" type | E97: (/) | F97: light on-road truck
B98: capacity | D98: Ctr,A | E98: (m3) | F98: 7.5 | G98: inside this suggested range | I98: =IF(F97=prms!$AA$5,prms!$AC$5, IF('2 FILL'!F97=prms!$AA$6,prms!$AC$6, IF('2 FILL'!F97=prms!$AA$7,prms!$AC$7, IF('2 FILL'!F97=prms!$AA$8,prms!$AC$8,IF('2 FILL'!F97=prms!$AA$9,prms!$AC$9,1))))) -> 5 - 10
B99: fuel consumption | D99: Itr,A | E99: (l/km) | F99: 0.15 | G99: inside this suggested range | I99: =IF(F97=prms!$AA$5,prms!$AD$5, IF('2 FILL'!F97=prms!$AA$6,prms!$AD$6, IF('2 FILL'!F97=prms!$AA$7,prms!$AD$7, IF('2 FILL'!F97=prms!$AA$8,prms!$AD$8,IF('2 FILL'!F97=prms!$AA$9,prms!$AD$9,1))))) -> 0.2 - 0.1
B100: traveling distance | D100: Rtr,A | E100: (km) | F100: 10
B101: K full-empty coefficient | D101: Ktr,A | E101: (-) | F101: 1.7
B102: fuel consumption per m3 | D102: FCtr,A,m3 | E102: (l/m3) | F102: =F101*F100*F99/F98 -> 0.34
B104: vehicle "B" | E104: (-) | F104: 1 | G104: "1" for use, "0" for no use
B105: vehicle "B" type | E105: (/) | F105: medium on-road truck
B106: capacity | D106: Ctr,B | E106: (m3) | F106: 12.5 | G106: inside this suggested range | I106: =IF(F105=prms!AA5,prms!AC5, IF('2 FILL'!F105=prms!AA6,prms!AC6, IF('2 FILL'!F105=prms!AA7,prms!AC7, IF('2 FILL'!F105=prms!AA8,prms!AC8,IF('2 FILL'!F105=prms!AA9,prms!AC9,1))))) -> 10 - 15
B107: fuel consumption | D107: Itr,B | E107: (l/km) | F107: 0.25 | G107: inside this suggested range | I107: =IF(F105=prms!AA5,prms!AD5, IF('2 FILL'!F105=prms!AA6,prms!AD6, IF('2 FILL'!F105=prms!AA7,prms!AD7, IF('2 FILL'!F105=prms!AA8,prms!AD8,IF('2 FILL'!F105=prms!AA9,prms!AD9,1))))) -> 0.3 - 0.2
B108: traveling distance | D108: Rtr,B | E108: (km) | F108: 10
B109: K full-empty coefficient | D109: Ktr,B | E109: (-) | F109: 1.7
B110: fuel consumption per m3 | D110: FCtr,B,m3 | E110: (l/m3) | F110: =F109*F108*F107/F106 -> 0.34
B112: vehicle "C" | E112: (-) | F112: 1 | G112: "1" for use, "0" for no use
B113: vehicle "C" type | E113: (/) | F113: heavy on-road truck
B114: capacity | D114: Ctr,C | E114: (m3) | F114: 17.5 | G114: inside this suggested range | I114: =IF(F113=prms!AA5,prms!AC5, IF('2 FILL'!F113=prms!AA6,prms!AC6, IF('2 FILL'!F113=prms!AA7,prms!AC7, IF('2 FILL'!F113=prms!AA8,prms!AC8,IF('2 FILL'!F113=prms!AA9,prms!AC9,1))))) -> 15 - 20
B115: fuel consumption | D115: Itr,C | E115: (l/km) | F115: 0.35 | G115: inside this suggested range | I115: =IF(F113=prms!AA5,prms!AD5, IF('2 FILL'!F113=prms!AA6,prms!AD6, IF('2 FILL'!F113=prms!AA7,prms!AD7, IF('2 FILL'!F113=prms!AA8,prms!AD8,IF('2 FILL'!F113=prms!AA9,prms!AD9,1))))) -> 0.4 - 0.3
B116: traveling distance | D116: Rtr,C | E116: (km) | F116: 10
B117: K full-empty coefficient | D117: Ktr,C | E117: (-) | F117: 1.7
B118: fuel consumption per m3 | D118: FCtr,C,m3 | E118: (l/m3) | F118: =F117*F116*F115/F114 -> 0.34
B120: LOADERS FOR FILLING (up to three types of loader)
...

Sheet 2 SBGR
B2: ROAD LENGTH
B4: road length | E4: (m) | F4: 1000
B6: SUBGRADE TERRAIN TYPE (to be compacted)
B8: width to be compacted | E8: (m) | F8: 20
B9: depth to be compacted | E9: (m) | F9: 0.3
B10: subgrade type | E10: (/) | F10: clay - dry
B11: density in bank | D11: ρb | E11: (kg/m3) | F11: =IF( F10=prms!$B$5,prms!$C$5, IF(F10=prms!$B$6,prms!$C$6, IF(F10=prms!$B$7,prms!$C$7, IF(F10=prms!$B$8,prms!$C$8, IF(F10=prms!$B$9,prms!$C$9, IF(F10=prms!$B$10,prms!$C$10, IF(F10=prms!$B$11,prms!$C$11, IF(F10=prms!$B$12,prms!$C$12, IF(F10=prms!$B$13,prms!$C$13, IF(F10=prms!$B$14,prms!$C$14, IF(F10=prms!$B$15,prms!$C$15, IF(F10=prms!$B$16,prms!$C$16, IF(F10=prms!$B$17,prms!$C$17, IF(F10=prms!$B$18,prms!$C$18, IF(F10=prms!$B$19,prms!$C$19, IF(F10=prms!$B$20,prms!$C$20, IF(F10=prms!$B$21,prms!$C$21, IF(F10=prms!$B$22,prms!$C$22, IF(F10=prms!$B$23,prms!$C$23, IF(F10=prms!$B$24,prms!$C$24, IF(F10=prms!$B$25,prms!$C$25, IF(F10=prms!$B$26,prms!$C$26, IF(F10=prms!$B$27,prms!$C$27, IF(F10=prms!$B$28,prms!$C$28, IF(F10=prms!$B$29,prms!$C$29, ))))))))))))))))))))))))) -> 1840
B12: density loose | D12: ρl | E12: (kg/m3) | F12: =IF( F10=prms!$B$5,prms!$D$5, IF(F10=prms!$B$6,prms!$D$6, IF(F10=prms!$B$7,prms!$D$7, IF(F10=prms!$B$8,prms!$D$8, IF(F10=prms!$B$9,prms!$D$9, IF(F10=prms!$B$10,prms!$D$10, IF(F10=prms!$B$11,prms!$D$11, IF(F10=prms!$B$12,prms!$D$12, IF(F10=prms!$B$13,prms!$D$13, IF(F10=prms!$B$14,prms!$D$14, IF(F10=prms!$B$15,prms!$D$15, IF(F10=prms!$B$16,prms!$D$16, IF(F10=prms!$B$17,prms!$D$17, IF(F10=prms!$B$18,prms!$D$18, IF(F10=prms!$B$19,prms!$D$19, IF(F10=prms!$B$20,prms!$D$20, IF(F10=prms!$B$21,prms!$D$21, IF(F10=prms!$B$22,prms!$D$22, IF(F10=prms!$B$23,prms!$D$23, IF(F10=prms!$B$24,prms!$D$24, IF(F10=prms!$B$25,prms!$D$25, IF(F10=prms!$B$26,prms!$D$26, IF(F10=prms!$B$27,prms!$D$27, IF(F10=prms!$B$28,prms!$D$28, IF(F10=prms!$B$29,prms!$D$29))))))))))))))))))))))))) -> 1480
B14: COMPACTOR ROLLER
B16: compactor type | E16: (/) | F16: light smooth drum roller
B17: power | E17: (kW) | F17: 75 | G17: inside this suggested range | I17: =IF($F$16=prms!$Q$5,prms!$R$5,IF($F$16=prms!Q6,prms!$R$6,IF($F$16=prms!$Q$7,prms!$R$7,IF($F$16=prms!$Q$8,prms!$R$8,IF($F$16=prms!$Q$9,prms!R$9,IF($F$16=prms!$Q$10,prms!$R$10,1)))))) -> 30 - 119
B18: compaction width | E18: (m) | F18: 1.9 | G18: inside this suggested range | I18: =IF($F$16=prms!$Q$5,prms!$S$5,IF($F$16=prms!$Q$6,prms!$S$6,IF($F$16=prms!$Q$7,prms!$S$7,IF($F$16=prms!$Q$8,prms!$S$8,IF($F$16=prms!$Q$9,prms!$S$9,IF($F$16=prms!$Q$10,prms!$S$10,1)))))) -> 1.20 - 2.20
B19: specific consumption | D19: SCcom | E19: (kg / kW h) | F19: 0.25 | G19: 0.25 if characteristic curve is not available
B20: grade of the slope | D20: Gcom | E20: (°) | F20: 5 | G20: inside this suggested range | I20: 0 - 35
B21: specific weight of fuel | D21: ρcom,fuel | E21: (kg/l) | F21: 0.85
B22: productivity | D22: Prcom | E22: (h/m3) | F22: 0.01 | G22: inside this suggested range | I22: 0.007 - 0.012
B23: load factor 1 | D23: LFcom,1 | E23: (-) | F23: =0.05173*EXP(0.00142*$F$12) -> 0.42311241
B24: load factor 2 | D24: LFcom,2 | E24: (-) | F24: =0.21032*F20^0.4321 -> 0.42160477
B25: fuel consumption per m3 | D25: FCcom,m3 | E25: (l/m3) | F25: =F17*F19*( F23 +F24 )/2*1/F21*F22 -> 0.093167335
B27: BINDING AGENT SPREADER
B29: vehicle | E29: (/) | F29: 1 | G29: "1" for use, "0" for no use
B30: vehicle type | E30: (/) | F30: agent spreader
B31: productivity | D31: Pras | E31: (m3/h) | F31: 150 | G31: inside this suggested range | I31: =IF(F30=prms!$AF$5,prms!$AG$5, 1) -> 100 - 200
B32: fuel consumption per h | D32: Ias | E32: (l/h) | F32: 2 | G32: inside this suggested range | I32: =IF(F30=prms!$AF$5,prms!$AH$5, 1) -> 1 -3
B33: thickness to be treated | E33: (m) | F33: 0.1
B34: volume to be treated | E34: (m3) | F34: =F33*$F$4*$F$8 -> 2000
B36: BINDING AGENT MIXER
B38: vehicle | E38: (/) | F38: 1 | G38: "1" for use, "0" for no use
B39: vehicle type | E39: (/) | F39: agent mixer
B40: productivity | D40: Pram | E40: (m3/h) | F40: 800 | G40: inside this suggested range | I40: =IF(F39=prms!$AJ$5,prms!$AK$5, 1) -> 700 - 900
B41: fuel consumption per h | D41: Iam | E41: (l/h) | F41: 80 | G41: inside this suggested range | I41: =IF(F39=prms!$AJ$5,prms!$AL$5, 1) -> 70 - 90
B42: thickness to be treated | E42: (m) | F42: 0.3
B43: volume to be treated | E43: (m3) | F43: =F42*$F$4*$F$8 -> 6000
B45: COMPACTOR ROLLER
B47: fuel consumption total area | E47: (l) | F47: =F25*F8*F4*F9 -> 559.00401
B48: number of compaction passages | E48: (-) | F48: 8
B50: fuel consumption | D50: FCcom | E50: (l) | F50: =F47*F48 -> 4472.0321
B51: emission factor for diesel | D51: EFdiesel | E51: (CO2/l) | F51: 2.6
B52: carbon dioxide emission | D52: CO2 | E52: (kg) | F52: =F50*F51 -> 11627.283
E53: (t) | F53: =F52/1000 -> 11.627283
B55: BINDING AGENT SPREADER
B57: working hours binding agent spreader | E57: (h) | F57: =F34/F31*F29 -> 13.333333
B58: fuel consumption | D58: FCcom | E58: (l) | F58: =F32*F57 -> 26.666667
B59: emission factor for diesel | D59: EFdiesel | E59: (CO2/l) | F59: 2.6
B60: carbon dioxide emission | D60: CO2 | E60: (kg) | F60: =F58*F59 -> 69.333333
E61: (t) | F61: =F60/1000 -> 0.069333333
B63: BINDING AGENT MIXER
B65: working hours binding agent mixer | E65: (h) | F65: =F43/F40*F38 -> 7.5
B66: fuel consumption | D66: FCcom | E66: (l) | F66: =F41*F65 -> 600
B67: emission factor for diesel | D67: EFdiesel | E67: (CO2/l) | F67: 2.6
B68: carbon dioxide emission | D68: CO2 | E68: (kg) | F68: =F66*F67 -> 1560
E69: (t) | F69: =F68/1000 -> 1.56
B71: TOTAL CO2 EMISSIONS
B73: total carbon dioxide emission | D73: CO2 | E73: (kg) | F73: =F52+F60+F68 -> 13256.617
E74: (t) | F74: =F73/1000 -> 13.256617

Sheet 2 SBBS
B2: ROAD LENGTH
B4: road length | E4: (m) | F4: 1000
B6: SUBBASE TYPE
B8: subbase width | E8: (m) | F8: 18
B9: subbase thickness | E9: (m) | F9: 0.5
B10: subbase type | E10: (/) | F10: gravel - dry
B11: density in bank | D11: ρb | E11: (kg/m3) | F11: =IF( F10=prms!$B$5,prms!$C$5, IF(F10=prms!$B$6,prms!$C$6, IF(F10=prms!$B$7,prms!$C$7, IF(F10=prms!$B$8,prms!$C$8, IF(F10=prms!$B$9,prms!$C$9, IF(F10=prms!$B$10,prms!$C$10, IF(F10=prms!$B$11,prms!$C$11, IF(F10=prms!$B$12,prms!$C$12, IF(F10=prms!$B$13,prms!$C$13, IF(F10=prms!$B$14,prms!$C$14, IF(F10=prms!$B$15,prms!$C$15, IF(F10=prms!$B$16,prms!$C$16, IF(F10=prms!$B$17,prms!$C$17, IF(F10=prms!$B$18,prms!$C$18, IF(F10=prms!$B$19,prms!$C$19, IF(F10=prms!$B$20,prms!$C$20, IF(F10=prms!$B$21,prms!$C$21, IF(F10=prms!$B$22,prms!$C$22, IF(F10=prms!$B$23,prms!$C$23, IF(F10=prms!$B$24,prms!$C$24, IF(F10=prms!$B$25,prms!$C$25, IF(F10=prms!$B$26,prms!$C$26, IF(F10=prms!$B$27,prms!$C$27, IF(F10=prms!$B$28,prms!$C$28, IF(F10=prms!$B$29,prms!$C$29, ))))))))))))))))))))))))) -> 1690
B12: density loose | D12: ρl | E12: (kg/m3) | F12: =IF( F10=prms!$B$5,prms!$D$5, IF(F10=prms!$B$6,prms!$D$6, IF(F10=prms!$B$7,prms!$D$7, IF(F10=prms!$B$8,prms!$D$8, IF(F10=prms!$B$9,prms!$D$9, IF(F10=prms!$B$10,prms!$D$10, IF(F10=prms!$B$11,prms!$D$11, IF(F10=prms!$B$12,prms!$D$12, IF(F10=prms!$B$13,prms!$D$13, IF(F10=prms!$B$14,prms!$D$14, IF(F10=prms!$B$15,prms!$D$15, IF(F10=prms!$B$16,prms!$D$16, IF(F10=prms!$B$17,prms!$D$17, IF(F10=prms!$B$18,prms!$D$18, IF(F10=prms!$B$19,prms!$D$19, IF(F10=prms!$B$20,prms!$D$20, IF(F10=prms!$B$21,prms!$D$21, IF(F10=prms!$B$22,prms!$D$22, IF(F10=prms!$B$23,prms!$D$23, IF(F10=prms!$B$24,prms!$D$24, IF(F10=prms!$B$25,prms!$D$25, IF(F10=prms!$B$26,prms!$D$26, IF(F10=prms!$B$27,prms!$D$27, IF(F10=prms!$B$28,prms!$D$28, IF(F10=prms!$B$29,prms!$D$29))))))))))))))))))))))))) -> 1510
B14: total subbase volume | E14: (m3) | F14: =F4*F8*F9 -> 9000
B16: DOZER FOR SPREADING SUBBASE
B18: dozer type | E18: (/) | F18: medium dozer
B19: power | E19: (kW) | F19: 150 | G19: inside this suggested range | I19: =IF(F18=prms!$M$5,prms!$N$5, IF('2 SBBS'!F18=prms!$M$6,prms!$N$6,IF('2 SBBS'!F18=prms!$M$7,prms!$N$7,1 ))) -> 131 - 195
B20: blade width | E20: (m) | F20: 4 | G20: inside this suggested range | I20: =IF(F18=prms!$M$5,prms!$O$5, IF('2 SBBS'!F18=prms!$M$6,prms!$O$6,IF('2 SBBS'!F18=prms!$M$7,prms!$O$7,1 ))) -> 2.99 - 5.77
B21: specific consumption | D21: SCdo | E21: (kg / kW h) | F21: 0.25 | G21: 0.25 if characteristic curve is not available
B22: grade of the slope | D22: Gdo | E22: (°) | F22: 5 | G22: inside this suggested range | I22: 0 - 35
B23: specific weight of fuel | D23: ρdo,fuel | E23: (kg/l) | F23: 0.85
B24: productivity | D24: Prdo | E24: (h/m3) | F24: 0.01 | G24: inside this suggested range | I24: 0.007 - 0.012
B25: load factor 1 | D25: LFdo,1 | E25: (-) | F25: =0.05862*EXP(0.00101*$F$12) -> 0.26939425
B26: load factor 2 | D26: LFdo,2 | E26: (-) | F26: =0.00868*F22+0.15333 -> 0.19673
B27: fuel consumption per m3 | D27: FCdo,m3 | E27: (l/m3) | F27: =F19*F21*( F25+F26 )/2*1/F23*F24 -> 0.10282153
B29: COMPACTOR ROLLER
B31: compactor type | E31: (/) | F31: vibratory soil compactor
B32: power | E32: (kW) | F32: 120 | G32: inside this suggested range | I32: =IF($F$31=prms!$Q$5,prms!$R$5,IF($F$31=prms!Q6,prms!$R$6,IF($F$31=prms!$Q$7,prms!$R$7,IF($F$31=prms!$Q$8,prms!$R$8,IF($F$31=prms!$Q$9,prms!R$9,IF($F$31=prms!$Q$10,prms!$R$10,1)))))) -> 48 - 160
B33: compaction width | E33: (m) | F33: 2 | G33: inside this suggested range | I33: =IF($F$31=prms!$Q$5,prms!$S$5,IF($F$31=prms!$Q$6,prms!$S$6,IF($F$31=prms!$Q$7,prms!$S$7,IF($F$31=prms!$Q$8,prms!$S$8,IF($F$31=prms!$Q$9,prms!$S$9,IF($F$31=prms!$Q$10,prms!$S$10,1)))))) -> 1.67 - 2.14
B34: specific consumption | D34: SCcom | E34: (kg / kW h) | F34: 0.25 | G34: 0.25 if characteristic curve is not available
B35: grade of the slope | D35: Gcom | E35: (°) | F35: 5 | G35: inside this suggested range | I35: 0 - 35
B36: specific weight of fuel | D36: ρcom,fuel | E36: (kg/l) | F36: 0.85
B37: productivity | D37: Prcom | E37: (h/m3) | F37: 0.01 | G37: inside this suggested range | I37: 0.007 - 0.012
B38: load factor 1 | D38: LFcom,1 | E38: (-) | F38: =0.05173*EXP(0.00142*$F$12) -> 0.44152643
B39: load factor 2 | D39: LFcom,2 | E39: (-) | F39: =0.21032*F35^0.4321 -> 0.42160477
B40: fuel consumption per m3 | D40: FCcom,m3 | E40: (l/m3) | F40: =F32*F34*( F38 +F39 )/2*1/F36*F37 -> 0.15231727
B42: TRANSPORT TO FREIGHT SUBBASE (up to three types of vehicles)
B44: vehicle "A" | E44: (-) | F44: 1 | G44: "1" for use, "0" for no use
B45: vehicle "A" type | E45: (/) | F45: light on-road truck
B46: capacity | D46: Ctr,A | E46: (m3) | F46: 7.5 | G46: inside this suggested range | I46: =IF(F45=prms!$AA$5,prms!$AC$5, IF(F45=prms!$AA$6,prms!$AC$6, IF(F45=prms!$AA$7,prms!$AC$7, IF(F45=prms!$AA$8,prms!$AC$8,IF(F45=prms!$AA$9,prms!$AC$9,1))))) -> 5 - 10
B47: fuel consumption | D47: Itr,A | E47: (l/km) | F47: 0.15 | G47: inside this suggested range | I47: =IF(F45=prms!$AA$5,prms!$AD$5, IF(F45=prms!$AA$6,prms!$AD$6, IF(F45=prms!$AA$7,prms!$AD$7, IF(F45=prms!$AA$8,prms!$AD$8,IF(F45=prms!$AA$9,prms!$AD$9,1))))) -> 0.2 - 0.1
B48: traveling distance | D48: Rtr,A | E48: (km) | F48: 10
B49: K full-empty coefficient | D49: Ktr,A | E49: (-) | F49: 1.7
B50: fuel consumption per m3 | D50: FCtr,A,m3 | E50: (l/m3) | F50: =F49*F48*F47/F46 -> 0.34
B52: vehicle "B" | E52: (-) | F52: 1 | G52: "1" for use, "0" for no use
B53: vehicle "B" type | E53: (/) | F53: medium on-road truck
B54: capacity | D54: Ctr,B | E54: (m3) | F54: 12.5 | G54: inside this suggested range | I54: =IF(F53=prms!$AA$5,prms!$AC$5, IF(F53=prms!$AA$6,prms!$AC$6, IF(F53=prms!$AA$7,prms!$AC$7, IF(F53=prms!$AA$8,prms!$AC$8,IF(F53=prms!$AA$9,prms!$AC$9,1))))) -> 10 - 15
B55: fuel consumption | D55: Itr,B | E55: (l/km) | F55: 0.25 | G55: inside this suggested range | I55: =IF(F53=prms!$AA$5,prms!$AD$5, IF(F53=prms!$AA$6,prms!$AD$6, IF(F53=prms!$AA$7,prms!$AD$7, IF(F53=prms!$AA$8,prms!$AD$8,IF(F53=prms!$AA$9,prms!$AD$9,1))))) -> 0.3 - 0.2
B56: traveling distance | D56: Rtr,B | E56: (km) | F56: 10
B57: K full-empty coefficient | D57: Ktr,B | E57: (-) | F57: 1.7
B58: fuel consumption per m3 | D58: FCtr,B,m3 | E58: (l/m3) | F58: =F57*F56*F55/F54 -> 0.34
B60: vehicle "C" | E60: (-) | F60: 1 | G60: "1" for use, "0" for no use
B61: vehicle "C" type | E61: (/) | F61: heavy on-road truck
B62: capacity | D62: Ctr,C | E62: (m3) | F62: 17.5 | G62: inside this suggested range | I62: =IF(F61=prms!$AA$5,prms!$AC$5, IF(F61=prms!$AA$6,prms!$AC$6, IF(F61=prms!$AA$7,prms!$AC$7, IF(F61=prms!$AA$8,prms!$AC$8,IF(F61=prms!$AA$9,prms!$AC$9,1))))) -> 15 - 20
B63: fuel consumption | D63: Itr,C | E63: (l/km) | F63: 0.35 | G63: inside this suggested range | I63: =IF(F61=prms!$AA$5,prms!$AD$5, IF(F61=prms!$AA$6,prms!$AD$6, IF(F61=prms!$AA$7,prms!$AD$7, IF(F61=prms!$AA$8,prms!$AD$8,IF(F61=prms!$AA$9,prms!$AD$9,1))))) -> 0.4 - 0.3
B64: traveling distance | D64: Rtr,C | E64: (km) | F64: 10
B65: K full-empty coefficient | D65: Ktr,C | E65: (-) | F65: 1.7
B66: fuel consumption per m3 | D66: FCtr,C,m3 | E66: (l/m3) | F66: =F65*F64*F63/F62 -> 0.34
B68: DOZER FOR SPREADING SUBBASE
B70: fuel consumption | D70: FCdoz | E70: (l) | F70: =F27*F14 -> 925.39374
B71: emission factor for diesel | D71: EFdiesel | E71: (CO2/l) | F71: 2.6
B72: carbon dioxide emission | D72: CO2 | E72: (kg) | F72: =F70*F71 -> 2406.0237
E73: (t) | F73: =F72/1000 -> 2.4060237
B75: COMPACTOR ROLLER
B77: fuel consumption total area compactor | E77: (l) | F77: =F40*F4*F8*F9 -> 1370.8554
B78: number of compaction passages compactor | E78: (-) | F78: 8
B80: fuel consumption | D80: FCcom | E80: (l) | F80: =F77*F78 -> 10966.843
B81: emission factor for diesel | D81: EFdiesel | E81: (CO2/l) | F81: 2.6
B82: carbon dioxide emission | D82: CO2 | E82: (kg) | F82: =F80*F81 -> 28513.793
E83: (t) | F83: =F82/1000 -> 28.513793
B85: TRANSPORT TO FREIGHT SUBBASE (up to three types of vehicles)
B87: transport "A" capacity ripartition factor | E87: (-) | F87: =F44*F46/($F$44*$F$46+$F$52*$F$54+$F$60*$F$62) -> 0.2
B88: transport "B" capacity ripartition factor | E88: (-) | F88: =F52*F54/($F$44*$F$46+$F$52*$F$54+$F$60*$F$62) -> 0.33333333
B89: transport "C" capacity ripartition factor | E89: (-) | F89: =F60*F62/($F$44*$F$46+$F$52*$F$54+$F$60*$F$62) -> 0.46666667
B91: transport "A" volume freighted | E91: (m3) | F91: =F87*$F$14 -> 1800
B92: transport "B" volume freighted | E92: (m3) | F92: =F88*$F$14 -> 3000
B93: transport "C" volume freighted | E93: (m3) | F93: =F89*$F$14 -> 4200
B95: transport "A" fuel consumption | D95: FCtr,A | E95: (l) | F95: =F50*F91 -> 612
B96: transport "B" fuel consumption | D96: FCtr,B | E96: (l) | F96: =F58*F92 -> 1020
B97: transport "C" fuel consumption | D97: FCtr,C | E97: (l) | F97: =F66*F93 -> 1428
B99: fuel consumption | D99: FCtr | E99: (l) | F99: =SUM(F95:F97) -> 3060
B100: emission factor for diesel | D100: EFdiesel | E100: (CO2/l) | F100: 2.6
B101: carbon dioxide emission | D101: CO2 | E101: (kg) | F101: =F99*F100 -> 7956
E102: (t) | F102: =F101/1000 -> 7.956
B104: TOTAL CO2 EMISSIONS
B106: total carbon dioxide emission | D106: CO2 | E106: (kg) | F106: =F72+F82+F101 -> 38875.817
E107: (t) | F107: =F106/1000 -> 38.875817

Sheet 2 BASE
B2: ROAD LENGTH
B4: road length | E4: (m) | F4: 1000
B6: BASE TYPE
B8: base width | E8: (m) | F8: 16
B9: base thickness | E9: (m) | F9: 0.3
B10: base type | E10: (/) | F10: gravel - dry 6-50 mm
B11: density in bank | D11: ρb | E11: (kg/m3) | F11: =IF( F10=prms!$B$5,prms!$C$5, IF(F10=prms!$B$6,prms!$C$6, IF(F10=prms!$B$7,prms!$C$7, IF(F10=prms!$B$8,prms!$C$8, IF(F10=prms!$B$9,prms!$C$9, IF(F10=prms!$B$10,prms!$C$10, IF(F10=prms!$B$11,prms!$C$11, IF(F10=prms!$B$12,prms!$C$12, IF(F10=prms!$B$13,prms!$C$13, IF(F10=prms!$B$14,prms!$C$14, IF(F10=prms!$B$15,prms!$C$15, IF(F10=prms!$B$16,prms!$C$16, IF(F10=prms!$B$17,prms!$C$17, IF(F10=prms!$B$18,prms!$C$18, IF(F10=prms!$B$19,prms!$C$19, IF(F10=prms!$B$20,prms!$C$20, IF(F10=prms!$B$21,prms!$C$21, IF(F10=prms!$B$22,prms!$C$22, IF(F10=prms!$B$23,prms!$C$23, IF(F10=prms!$B$24,prms!$C$24, IF(F10=prms!$B$25,prms!$C$25, IF(F10=prms!$B$26,prms!$C$26, IF(F10=prms!$B$27,prms!$C$27, IF(F10=prms!$B$28,prms!$C$28, IF(F10=prms!$B$29,prms!$C$29, ))))))))))))))))))))))))) -> 1900
B12: density loose | D12: ρl | E12: (kg/m3) | F12: =IF( F10=prms!$B$5,prms!$D$5, IF(F10=prms!$B$6,prms!$D$6, IF(F10=prms!$B$7,prms!$D$7, IF(F10=prms!$B$8,prms!$D$8, IF(F10=prms!$B$9,prms!$D$9, IF(F10=prms!$B$10,prms!$D$10, IF(F10=prms!$B$11,prms!$D$11, IF(F10=prms!$B$12,prms!$D$12, IF(F10=prms!$B$13,prms!$D$13, IF(F10=prms!$B$14,prms!$D$14, IF(F10=prms!$B$15,prms!$D$15, IF(F10=prms!$B$16,prms!$D$16, IF(F10=prms!$B$17,prms!$D$17, IF(F10=prms!$B$18,prms!$D$18, IF(F10=prms!$B$19,prms!$D$19, IF(F10=prms!$B$20,prms!$D$20, IF(F10=prms!$B$21,prms!$D$21, IF(F10=prms!$B$22,prms!$D$22, IF(F10=prms!$B$23,prms!$D$23, IF(F10=prms!$B$24,prms!$D$24, IF(F10=prms!$B$25,prms!$D$25, IF(F10=prms!$B$26,prms!$D$26, IF(F10=prms!$B$27,prms!$D$27, IF(F10=prms!$B$28,prms!$D$28, IF(F10=prms!$B$29,prms!$D$29))))))))))))))))))))))))) -> 1690
B14: total base volume | E14: (m3) | F14: =F4*F8*F9 -> 4800
B16: DOZER FOR SPREADING BASE
B18: dozer type | E18: (/) | F18: small dozer
B19: power | E19: (kW) | F19: 90 | G19: inside this suggested range | I19: =IF(F18=prms!$M$5,prms!$N$5, IF('2 BASE'!F18=prms!$M$6,prms!$N$6,IF('2 BASE'!F18=prms!$M$7,prms!$N$7,1 ))) -> 66 - 131
B20: blade width | E20: (m) | F20: 3 | G20: inside this suggested range | I20: =IF(F18=prms!$M$5,prms!$O$5, IF('2 BASE'!F18=prms!$M$6,prms!$O$6,IF('2 BASE'!F18=prms!$M$7,prms!$O$7,1 ))) -> 2.71 - 3.22
B21: specific consumption | D21: SCdo | E21: (kg / kW h) | F21: 0.25 | G21: 0.25 if characteristic curve is not available
B22: grade of the slope | D22: Gdo | E22: (°) | F22: 5 | G22: inside this suggested range | I22: 0 - 35
B23: specific weight of fuel | D23: ρdo,fuel | E23: (kg/l) | F23: 0.85
B24: productivity | D24: Prdo | E24: (h/m3) | F24: 0.01 | G24: inside this suggested range | I24: 0.007 - 0.012
B25: load factor 1 | D25: LFdo,1 | E25: (-) | F25: =0.05862*EXP(0.00101*$F$12) -> 0.32310454
B26: load factor 2 | D26: LFdo,2 | E26: (-) | F26: =0.00868*F22+0.15333 -> 0.19673
B27: fuel consumption per m3 | D27: FCdo,m3 | E27: (l/m3) | F27: =F19*F21*( F25+F26 )/2*1/F23*F24 -> 0.068801631
B29: COMPACTOR ROLLER
B31: compactor type | E31: (/) | F31: light smooth drum roller
B32: power | E32: (kW) | F32: 70 | G32: inside this suggested range | I32: =IF($F$31=prms!$Q$5,prms!$R$5,IF($F$31=prms!Q6,prms!$R$6,IF($F$31=prms!$Q$7,prms!$R$7,IF($F$31=prms!$Q$8,prms!$R$8,IF($F$31=prms!$Q$9,prms!R$9,IF($F$31=prms!$Q$10,prms!$R$10,1)))))) -> 30 - 119
B33: compaction width | E33: (m) | F33: 1.8 | G33: inside this suggested range | I33: =IF($F$31=prms!$Q$5,prms!$S$5,IF($F$31=prms!$Q$6,prms!$S$6,IF($F$31=prms!$Q$7,prms!$S$7,IF($F$31=prms!$Q$8,prms!$S$8,IF($F$31=prms!$Q$9,prms!$S$9,IF($F$31=prms!$Q$10,prms!$S$10,1)))))) -> 1.20 - 2.20
B34: specific consumption | D34: SCcom | E34: (kg / kW h) | F34: 0.25 | G34: 0.25 if characteristic curve is not available
B35: grade of the slope | D35: Gcom | E35: (°) | F35: 5 | G35: inside this suggested range | I35: 0 - 35
B36: specific weight of fuel | D36: ρcom,fuel | E36: (kg/l) | F36: 0.85
B37: productivity | D37: Prcom | E37: (h/m3) | F37: 0.01 | G37: inside this suggested range | I37: 0.007 - 0.012
B38: load factor 1 | D38: LFcom,1 | E38: (-) | F38: =0.05173*EXP(0.00142*$F$12) -> 0.57011488
B39: load factor 2 | D39: LFcom,2 | E39: (-) | F39: =0.21032*F35^0.4321 -> 0.42160477
B40: fuel consumption per m3 | D40: FCcom,m3 | E40: (l/m3) | F40: =F32*F34*( F38 +F39 )/2*1/F36*F37 -> 0.10208879
B42: TRANSPORT TO FREIGHT BASE (up to three types of vehicles)
B44: vehicle "A" | E44: (-) | F44: 1 | G44: "1" for use, "0" for no use
B45: vehicle "A" type | E45: (/) | F45: light on-road truck
B46: capacity | D46: Ctr,A | E46: (m3) | F46: 7.5 | G46: inside this suggested range | I46: =IF(F45=prms!$AA$5,prms!$AC$5, IF(F45=prms!$AA$6,prms!$AC$6, IF(F45=prms!$AA$7,prms!$AC$7, IF(F45=prms!$AA$8,prms!$AC$8,IF(F45=prms!$AA$9,prms!$AC$9,1))))) -> 5 - 10
B47: fuel consumption | D47: Itr,A | E47: (l/km) | F47: 0.15 | G47: inside this suggested range | I47: =IF(F45=prms!$AA$5,prms!$AD$5, IF(F45=prms!$AA$6,prms!$AD$6, IF(F45=prms!$AA$7,prms!$AD$7, IF(F45=prms!$AA$8,prms!$AD$8,IF(F45=prms!$AA$9,prms!$AD$9,1))))) -> 0.2 - 0.1
B48: traveling distance | D48: Rtr,A | E48: (km) | F48: 10
B49: K full-empty coefficient | D49: Ktr,A | E49: (-) | F49: 1.7
B50: fuel consumption per m3 | D50: FCtr,A,m3 | E50: (l/m3) | F50: =F49*F48*F47/F46 -> 0.34
B52: vehicle "B" | E52: (-) | F52: 1 | G52: "1" for use, "0" for no use
B53: vehicle "B" type | E53: (/) | F53: medium on-road truck
B54: capacity | D54: Ctr,B | E54: (m3) | F54: 12.5 | G54: inside this suggested range | I54: =IF(F53=prms!$AA$5,prms!$AC$5, IF(F53=prms!$AA$6,prms!$AC$6, IF(F53=prms!$AA$7,prms!$AC$7, IF(F53=prms!$AA$8,prms!$AC$8,IF(F53=prms!$AA$9,prms!$AC$9,1))))) -> 10 - 15
B55: fuel consumption | D55: Itr,B | E55: (l/km) | F55: 0.25 | G55: inside this suggested range | I55: =IF(F53=prms!$AA$5,prms!$AD$5, IF(F53=prms!$AA$6,prms!$AD$6, IF(F53=prms!$AA$7,prms!$AD$7, IF(F53=prms!$AA$8,prms!$AD$8,IF(F53=prms!$AA$9,prms!$AD$9,1))))) -> 0.3 - 0.2
B56: traveling distance | D56: Rtr,B | E56: (km) | F56: 10
B57: K full-empty coefficient | D57: Ktr,B | E57: (-) | F57: 1.7
B58: fuel consumption per m3 | D58: FCtr,B,m3 | E58: (l/m3) | F58: =F57*F56*F55/F54 -> 0.34
B60: vehicle "C" | E60: (-) | F60: 1 | G60: "1" for use, "0" for no use
B61: vehicle "C" type | E61: (/) | F61: heavy on-road truck
B62: capacity | D62: Ctr,C | E62: (m3) | F62: 17.5 | G62: inside this suggested range | I62: =IF(F61=prms!$AA$5,prms!$AC$5, IF(F61=prms!$AA$6,prms!$AC$6, IF(F61=prms!$AA$7,prms!$AC$7, IF(F61=prms!$AA$8,prms!$AC$8,IF(F61=prms!$AA$9,prms!$AC$9,1))))) -> 15 - 20
B63: fuel consumption | D63: Itr,C | E63: (l/km) | F63: 0.35 | G63: inside this suggested range | I63: =IF(F61=prms!$AA$5,prms!$AD$5, IF(F61=prms!$AA$6,prms!$AD$6, IF(F61=prms!$AA$7,prms!$AD$7, IF(F61=prms!$AA$8,prms!$AD$8,IF(F61=prms!$AA$9,prms!$AD$9,1))))) -> 0.4 - 0.3
B64: traveling distance | D64: Rtr,C | E64: (km) | F64: 10
B65: K full-empty coefficient | D65: Ktr,C | E65: (-) | F65: 1.7
B66: fuel consumption per m3 | D66: FCtr,C,m3 | E66: (l/m3) | F66: =F65*F64*F63/F62 -> 0.34
B68: DOZER FOR SPREADING BASE
B70: fuel consumption | D70: FCdoz | E70: (l) | F70: =F27*F14 -> 330.24783
B71: emission factor for diesel | D71: EFdiesel | E71: (CO2/l) | F71: 2.6
B72: carbon dioxide emission | D72: CO2 | E72: (kg) | F72: =F70*F71 -> 858.64435
E73: (t) | F73: =F72/1000 -> 0.85864435
B75: COMPACTOR ROLLER
B77: fuel consumption total area compactor | E77: (l) | F77: =F40*F14 -> 490.02618
B78: number of compaction passages compactor | E78: (-) | F78: 8
B80: fuel consumption | D80: FCcom | E80: (l) | F80: =F77*F78 -> 3920.2094
B81: emission factor for diesel | D81: EFdiesel | E81: (CO2/l) | F81: 2.6
B82: carbon dioxide emission | D82: CO2 | E82: (kg) | F82: =F80*F81 -> 10192.545
E83: (t) | F83: =F82/1000 -> 10.192545
B85: TRANSPORT TO FREIGHT BASE (up to three types of vehicles)
B87: transport "A" capacity ripartition factor | E87: (-) | F87: =F44*F46/($F$44*$F$46+$F$52*$F$54+$F$60*$F$62) -> 0.2
B88: transport "B" capacity ripartition factor | E88: (-) | F88: =F52*F54/($F$44*$F$46+$F$52*$F$54+$F$60*$F$62) -> 0.33333333
B89: transport "C" capacity ripartition factor | E89: (-) | F89: =F60*F62/($F$44*$F$46+$F$52*$F$54+$F$60*$F$62) -> 0.46666667
B91: transport "A" volume freighted | E91: (m3) | F91: =F87*$F$14 -> 960
B92: transport "B" volume freighted | E92: (m3) | F92: =F88*$F$14 -> 1600
B93: transport "C" volume freighted | E93: (m3) | F93: =F89*$F$14 -> 2240
B95: transport "A" fuel consumption | D95: FCtr,A | E95: (l) | F95: =F50*F91 -> 326.4
B96: transport "B" fuel consumption | D96: FCtr,B | E96: (l) | F96: =F58*F92 -> 544
B97: transport "C" fuel consumption | D97: FCtr,C | E97: (l) | F97: =F66*F93 -> 761.6
B99: fuel consumption | D99: FCtr | E99: (l) | F99: =SUM(F95:F97) -> 1632
B100: emission factor for diesel | D100: EFdiesel | E100: (CO2/l) | F100: 2.6
B101: carbon dioxide emission | D101: CO2 | E101: (kg) | F101: =F99*F100 -> 4243.2
E102: (t) | F102: =F101/1000 -> 4.2432
B104: TOTAL CO2 EMISSIONS
B106: total carbon dioxide emission | D106: CO2 | E106: (kg) | F106: =F72+F82+F101 -> 15294.389
E107: (t) | F107: =F106/1000 -> 15.294389

Sheet 2 BIND
B2: ROAD LENGTH
B4: road length | E4: (m) | F4: 1000
B6: BINDER LAYER TYPE
B8: binder layer width | E8: (m) | F8: 16
B9: binder layer thickness | E9: (m) | F9: 0.05
B10: binder layer type | E10: (/) | F10: asphalt concrete | G10: choose "asphalt concrete"
B11: density in bank | D11: ρb | E11: (kg/m3) | F11: =IF( F10=prms!$B$5,prms!$C$5, IF(F10=prms!$B$6,prms!$C$6, IF(F10=prms!$B$7,prms!$C$7, IF(F10=prms!$B$8,prms!$C$8, IF(F10=prms!$B$9,prms!$C$9, IF(F10=prms!$B$10,prms!$C$10, IF(F10=prms!$B$11,prms!$C$11, IF(F10=prms!$B$12,prms!$C$12, IF(F10=prms!$B$13,prms!$C$13, IF(F10=prms!$B$14,prms!$C$14, IF(F10=prms!$B$15,prms!$C$15, IF(F10=prms!$B$16,prms!$C$16, IF(F10=prms!$B$17,prms!$C$17, IF(F10=prms!$B$18,prms!$C$18, IF(F10=prms!$B$19,prms!$C$19, IF(F10=prms!$B$20,prms!$C$20, IF(F10=prms!$B$21,prms!$C$21, IF(F10=prms!$B$22,prms!$C$22, IF(F10=prms!$B$23,prms!$C$23, IF(F10=prms!$B$24,prms!$C$24, IF(F10=prms!$B$25,prms!$C$25, IF(F10=prms!$B$26,prms!$C$26, IF(F10=prms!$B$27,prms!$C$27, IF(F10=prms!$B$28,prms!$C$28, IF(F10=prms!$B$29,prms!$C$29, ))))))))))))))))))))))))) -> 2200
B12: density loose | D12: ρl | E12: (kg/m3) | F12: =IF( F10=prms!$B$5,prms!$D$5, IF(F10=prms!$B$6,prms!$D$6, IF(F10=prms!$B$7,prms!$D$7, IF(F10=prms!$B$8,prms!$D$8, IF(F10=prms!$B$9,prms!$D$9, IF(F10=prms!$B$10,prms!$D$10, IF(F10=prms!$B$11,prms!$D$11, IF(F10=prms!$B$12,prms!$D$12, IF(F10=prms!$B$13,prms!$D$13, IF(F10=prms!$B$14,prms!$D$14, IF(F10=prms!$B$15,prms!$D$15, IF(F10=prms!$B$16,prms!$D$16, IF(F10=prms!$B$17,prms!$D$17, IF(F10=prms!$B$18,prms!$D$18, IF(F10=prms!$B$19,prms!$D$19, IF(F10=prms!$B$20,prms!$D$20, IF(F10=prms!$B$21,prms!$D$21, IF(F10=prms!$B$22,prms!$D$22, IF(F10=prms!$B$23,prms!$D$23, IF(F10=prms!$B$24,prms!$D$24, IF(F10=prms!$B$25,prms!$D$25, IF(F10=prms!$B$26,prms!$D$26, IF(F10=prms!$B$27,prms!$D$27, IF(F10=prms!$B$28,prms!$D$28, IF(F10=prms!$B$29,prms!$D$29))))))))))))))))))))))))) -> /
B14: total binder layer volume | E14: (m3) | F14: =F4*F8*F9 -> 800
B16: ASPHALT PAVER
B18: asphalt paver type | E18: (/) | F18: small asphalt paver
B19: power | E19: (kW) | F19: 40 | G19: inside this suggested range | I19: =IF(F18=prms!$V$5,prms!$W$5, IF('2 BIND'!F18=prms!$V$6,prms!$W$6,IF('2 BIND'!F18=prms!$V$7,prms!$W$7,1 ))) -> 34 - 55
B20: operating capacity | E20: (m3) | F20: 3.5 | G20: inside this suggested range | I20: =IF(F18=prms!$V$5,prms!$Y$5, IF('2 BIND'!F18=prms!$V$6,prms!$Y$6,IF('2 BIND'!F18=prms!$V$7,prms!$Y$7,1 ))) -> 3 - 4
B21: specific consumption | D21: SCap | E21: (kg / kW h) | F21: 0.25 | G21: 0.25 if characteristic curve is not available
B22: grade of the slope | D22: Gap | E22: (°) | F22: 2 | G22: inside this suggested range | I22: 0 - 35
B23: specific weight of fuel | D23: ρap,fuel | E23: (kg/l) | F23: 0.85
B24: productivity | D24: Prap | E24: (h/m3) | F24: 0.01 | G24: inside this suggested range | I24: 0.007 - 0.012
B25: load factor 1 | D25: LFap,1 | E25: (-) | F25: =0.05862*EXP(0.00101*$F$11) -> 0.54081428
B26: load factor 2 | D26: LFap,2 | E26: (-) | F26: =0.00868*F22+0.15333 -> 0.17069
B27: fuel consumption per m3 | D27: FCap,m3 | E27: (l/m3) | F27: =F19*F21*( F25+F26 )/2*1/F23*F24 -> 0.041853193
B29: COMPACTOR ROLLER
B31: compactor type | E31: (/) | F31: tandem vibratory roller
B32: power | E32: (kW) | F32: 70 | G32: inside this suggested range | I32: =IF($F$31=prms!$Q$5,prms!$R$5,IF($F$31=prms!Q6,prms!$R$6,IF($F$31=prms!$Q$7,prms!$R$7,IF($F$31=prms!$Q$8,prms!$R$8,IF($F$31=prms!$Q$9,prms!R$9,IF($F$31=prms!$Q$10,prms!$R$10,1)))))) -> 51 - 100
B33: compaction width | E33: (m) | F33: 1.8 | G33: inside this suggested range | I33: =IF($F$31=prms!$Q$5,prms!$S$5,IF($F$31=prms!$Q$6,prms!$S$6,IF($F$31=prms!$Q$7,prms!$S$7,IF($F$31=prms!$Q$8,prms!$S$8,IF($F$31=prms!$Q$9,prms!$S$9,IF($F$31=prms!$Q$10,prms!$S$10,1)))))) -> 1.13 - 2.13
B34: specific consumption | D34: SCcom | E34: (kg / kW h) | F34: 0.25 | G34: 0.25 if characteristic curve is not available
B35: grade of the slope | D35: Gcom | E35: (°) | F35: 2 | G35: inside this suggested range | I35: 0 - 35
B36: specific weight of fuel | D36: ρcom,fuel | E36: (kg/l) | F36: 0.85
B37: productivity | D37: Prcom | E37: (h/m3) | F37: 0.01 | G37: inside this suggested range | I37: 0.007 - 0.012
B38: load factor 1 | D38: LFcom,1 | E38: (-) | F38: =0.05173*EXP(0.00142*$F$11) -> 1.1761926
B39: load factor 2 | D39: LFcom,2 | E39: (-) | F39: =0.21032*F35^0.4321 -> 0.28376291
B40: fuel consumption per m3 | D40: FCcom,m3 | E40: (l/m3) | F40: =F32*F34*( F38 +F39 )/2*1/F36*F37 -> 0.15028954
B42: TACK COAT AGENT SPREADER
B44: vehicle | E44: (-) | F44: 1 | G44: "1" for use, "0" for no use
B45: vehicle type | E45: (/) | F45: agent spreader
B46: productivity | D46: Pras | E46: (m3/h) | F46: 150 | G46: inside this suggested range | I46: =IF(F45=prms!$AF$5,prms!$AG$5, 1) -> 100 - 200
B47: fuel consumption | D47: Ias | E47: (l/h) | F47: 2 | G47: inside this suggested range | I47: =IF(F45=prms!$AF$5,prms!$AH$5, 1) -> 1 -3
B48: thickness to be treated | E48: (m) | F48: 0.005
B49: volume to be treated | E49: (m3) | F49: =F48*$F$4*$F$8 -> 80
B51: TRANSPORT TO FREIGHT ASPHALT CONCRETE (up to three types of vehicles)
B53: vehicle "A" | E53: (-) | F53: 1 | G53: "1" for use, "0" for no use
B54: vehicle "A" type | E54: (/) | F54: light on-road truck
B55: capacity | D55: Ctr,A | E55: (m3) | F55: 7.5 | G55: inside this suggested range | I55: =IF(F54=prms!$AA$5,prms!$AC$5, IF(F54=prms!$AA$6,prms!$AC$6, IF(F54=prms!$AA$7,prms!$AC$7, IF(F54=prms!$AA$8,prms!$AC$8,IF(F54=prms!$AA$9,prms!$AC$9,1))))) -> 5 - 10
B56: fuel consumption | D56: Itr,A | E56: (l/km) | F56: 0.15 | G56: inside this suggested range | I56: =IF(F54=prms!$AA$5,prms!$AD$5, IF(F54=prms!$AA$6,prms!$AD$6, IF(F54=prms!$AA$7,prms!$AD$7, IF(F54=prms!$AA$8,prms!$AD$8,IF(F54=prms!$AA$9,prms!$AD$9,1))))) -> 0.2 - 0.1
B57: traveling distance | D57: Rtr,A | E57: (km) | F57: 10
B58: K full-empty coefficient | D58: Ktr,A | E58: (-) | F58: 1.7
B59: fuel consumption per m3 | D59: FCtr,A,m3 | E59: (l/m3) | F59: =F58*F57*F56/F55 -> 0.34
B61: vehicle "B" | E61: (-) | F61: 1 | G61: "1" for use, "0" for no use
B62: vehicle "B" type | E62: (/) | F62: medium on-road truck
B63: capacity | D63: Ctr,B | E63: (m3) | F63: 12.5 | G63: inside this suggested range | I63: =IF(F62=prms!$AA$5,prms!$AC$5, IF(F62=prms!$AA$6,prms!$AC$6, IF(F62=prms!$AA$7,prms!$AC$7, IF(F62=prms!$AA$8,prms!$AC$8,IF(F62=prms!$AA$9,prms!$AC$9,1))))) -> 10 - 15
B64: fuel consumption | D64: Itr,B | E64: (l/km) | F64: 0.25 | G64: inside this suggested range | I64: =IF(F62=prms!$AA$5,prms!$AD$5, IF(F62=prms!$AA$6,prms!$AD$6, IF(F62=prms!$AA$7,prms!$AD$7, IF(F62=prms!$AA$8,prms!$AD$8,IF(F62=prms!$AA$9,prms!$AD$9,1))))) -> 0.3 - 0.2
B65: traveling distance | D65: Rtr,B | E65: (km) | F65: 10
B66: K full-empty coefficient | D66: Ktr,B | E66: (-) | F66: 1.7
B67: fuel consumption per m3 | D67: FCtr,B,m3 | E67: (l/m3) | F67: =F66*F65*F64/F63 -> 0.34
B69: vehicle "C" | E69: (-) | F69: 1 | G69: "1" for use, "0" for no use
B70: vehicle "C" type | E70: (/) | F70: heavy on-road truck
B71: capacity | D71: Ctr,C | E71: (m3) | F71: 17.5 | G71: inside this suggested range | I71: =IF(F70=prms!$AA$5,prms!$AC$5, IF(F70=prms!$AA$6,prms!$AC$6, IF(F70=prms!$AA$7,prms!$AC$7, IF(F70=prms!$AA$8,prms!$AC$8,IF(F70=prms!$AA$9,prms!$AC$9,1))))) -> 15 - 20
B72: fuel consumption | D72: Itr,C | E72: (l/km) | F72: 0.35 | G72: inside this suggested range | I72: =IF(F70=prms!$AA$5,prms!$AD$5, IF(F70=prms!$AA$6,prms!$AD$6, IF(F70=prms!$AA$7,prms!$AD$7, IF(F70=prms!$AA$8,prms!$AD$8,IF(F70=prms!$AA$9,prms!$AD$9,1))))) -> 0.4 - 0.3
B73: traveling distance | D73: Rtr,C | E73: (km) | F73: 10
B74: K full-empty coefficient | D74: Ktr,C | E74: (-) | F74: 1.7
B75: fuel consumption per m3 | D75: FCtr,C,m3 | E75: (l/m3) | F75: =F74*F73*F72/F71 -> 0.34
B77: ASPHALT PAVER
B79: fuel consumption | D79: FCap | E79: (l) | F79: =F27*F14 -> 33.482554
B80: emission factor for diesel | D80: EFdiesel | E80: (CO2/l) | F80: 2.6
B81: carbon dioxide emission | D81: CO2 | E81: (kg) | F81: =F79*F80 -> 87.054642
E82: (t) | F82: =F81/1000 -> 0.087054642
B84: COMPACTOR ROLLER
B86: fuel consumption total area compactor | E86: (l) | F86: =F40*F14 -> 120.23163
B87: number of compaction passages compactor | E87: (-) | F87: 4
B89: fuel consumption | D89: FCcom | E89: (l) | F89: =F86*F87 -> 480.92652
B90: emission factor for diesel | D90: EFdiesel | E90: (CO2/l) | F90: 2.6
B91: carbon dioxide emission | D91: CO2 | E91: (kg) | F91: =F89*F90 -> 1250.409
E92: (t) | F92: =F91/1000 -> 1.250409
B94: TACK COAT AGENT SPREADER
B96: working hours binding agent spreader | E96: (h) | F96: =F49/F46*F44 -> 0.53333333
B97: fuel consumption | D97: FCcom | E97: (l) | F97: =F49*F96 -> 42.666667
B98: emission factor for diesel | D98: EFdiesel | E98: (CO2/l) | F98: 2.6
B99: carbon dioxide emission | D99: CO2 | E99: (kg) | F99: =F97*F98 -> 110.93333
E100: (t) | F100: =F99/1000 -> 0.11093333
B102: TRANSPORT TO FREIGHT ASPHALT CONCRETE (up to three types of vehicles)
B104: transport "A" capacity ripartition factor | E104: (-) | F104: =F53*F55/($F$53*$F$55+$F$61*$F$63+$F$69*$F$71) -> 0.2
B105: transport "B" capacity ripartition factor | E105: (-) | F105: =F61*F63/($F$53*$F$55+$F$61*$F$63+$F$69*$F$71) -> 0.33333333
B106: transport "C" capacity ripartition factor | E106: (-) | F106: =F69*F71/($F$53*$F$55+$F$61*$F$63+$F$69*$F$71) -> 0.46666667
B108: transport "A" volume freighted | E108: (m3) | F108: =F104*$F$14 -> 160
B109: transport "B" volume freighted | E109: (m3) | F109: =F105*$F$14 -> 266.66667
B110: transport "C" volume freighted | E110: (m3) | F110: =F106*$F$14 -> 373.33333
B112: transport "A" fuel consumption | D112: FCtr,A | E112: (l) | F112: =F59*F108 -> 54.4
B113: transport "B" fuel consumption | D113: FCtr,B | E113: (l) | F113: =F67*F109 -> 90.666667
B114: transport "C" fuel consumption | D114: FCtr,C | E114: (l) | F114: =F75*F110 -> 126.93333
B116: fuel consumption | D116: FCtr | E116: (l) | F116: =SUM(F112:F114) -> 272
B117: emission factor for diesel | D117: EFdiesel | E117: (CO2/l) | F117: 2.6
B118: carbon dioxide emission | D118: CO2 | E118: (kg) | F118: =F116*F117 -> 707.2
E119: (t) | F119: =F118/1000 -> 0.7072
B121: TOTAL CO2 EMISSIONS
B123: total carbon dioxide emission | D123: CO2 | E123: (kg) | F123: =F81+F91+F99+F118 -> 2155.5969
E124: (t) | F124: =F123/1000 -> 2.1555969

Sheet 2 WEAR
B2: ROAD LENGTH
B4: road length | E4: (m) | F4: 1000
B6: WEARING LAYER TYPE
B8: wearing layer width | E8: (m) | F8: 16
B9: wearing layer thickness | E9: (m) | F9: 0.04
B10: binder layer type | E10: (/) | F10: asphalt concrete | G10: choose "asphalt concrete"
B11: density in bank | D11: ρb | E11: (kg/m3) | F11: =IF( F10=prms!$B$5,prms!$C$5, IF(F10=prms!$B$6,prms!$C$6, IF(F10=prms!$B$7,prms!$C$7, IF(F10=prms!$B$8,prms!$C$8, IF(F10=prms!$B$9,prms!$C$9, IF(F10=prms!$B$10,prms!$C$10, IF(F10=prms!$B$11,prms!$C$11, IF(F10=prms!$B$12,prms!$C$12, IF(F10=prms!$B$13,prms!$C$13, IF(F10=prms!$B$14,prms!$C$14, IF(F10=prms!$B$15,prms!$C$15, IF(F10=prms!$B$16,prms!$C$16, IF(F10=prms!$B$17,prms!$C$17, IF(F10=prms!$B$18,prms!$C$18, IF(F10=prms!$B$19,prms!$C$19, IF(F10=prms!$B$20,prms!$C$20, IF(F10=prms!$B$21,prms!$C$21, IF(F10=prms!$B$22,prms!$C$22, IF(F10=prms!$B$23,prms!$C$23, IF(F10=prms!$B$24,prms!$C$24, IF(F10=prms!$B$25,prms!$C$25, IF(F10=prms!$B$26,prms!$C$26, IF(F10=prms!$B$27,prms!$C$27, IF(F10=prms!$B$28,prms!$C$28, IF(F10=prms!$B$29,prms!$C$29, ))))))))))))))))))))))))) -> 2200
B12: density loose | D12: ρl | E12: (kg/m3) | F12: =IF( F10=prms!$B$5,prms!$D$5, IF(F10=prms!$B$6,prms!$D$6, IF(F10=prms!$B$7,prms!$D$7, IF(F10=prms!$B$8,prms!$D$8, IF(F10=prms!$B$9,prms!$D$9, IF(F10=prms!$B$10,prms!$D$10, IF(F10=prms!$B$11,prms!$D$11, IF(F10=prms!$B$12,prms!$D$12, IF(F10=prms!$B$13,prms!$D$13, IF(F10=prms!$B$14,prms!$D$14, IF(F10=prms!$B$15,prms!$D$15, IF(F10=prms!$B$16,prms!$D$16, IF(F10=prms!$B$17,prms!$D$17, IF(F10=prms!$B$18,prms!$D$18, IF(F10=prms!$B$19,prms!$D$19, IF(F10=prms!$B$20,prms!$D$20, IF(F10=prms!$B$21,prms!$D$21, IF(F10=prms!$B$22,prms!$D$22, IF(F10=prms!$B$23,prms!$D$23, IF(F10=prms!$B$24,prms!$D$24, IF(F10=prms!$B$25,prms!$D$25, IF(F10=prms!$B$26,prms!$D$26, IF(F10=prms!$B$27,prms!$D$27, IF(F10=prms!$B$28,prms!$D$28, IF(F10=prms!$B$29,prms!$D$29))))))))))))))))))))))))) -> /
B14: total wearing layer volume | E14: (m3) | F14: =F4*F8*F9 -> 640
B16: ASPHALT PAVER
B18: asphalt paver type | E18: (/) | F18: small asphalt paver
B19: power | E19: (kW) | F19: 40 | G19: inside this suggested range | I19: =IF(F18=prms!$V$5,prms!$W$5, IF('2 WEAR'!F18=prms!$V$6,prms!$W$6,IF('2 WEAR'!F18=prms!$V$7,prms!$W$7,1 ))) -> 34 - 55
B20: operating capacity | E20: (m3) | F20: 3.5 | G20: inside this suggested range | I20: =IF(F18=prms!$V$5,prms!$Y$5, IF('2 WEAR'!F18=prms!$V$6,prms!$Y$6,IF('2 WEAR'!F18=prms!$V$7,prms!$Y$7,1 ))) -> 3 - 4
B21: specific consumption | D21: SCap | E21: (kg / kW h) | F21: 0.25 | G21: 0.25 if characteristic curve is not available
B22: grade of the slope | D22: Gap | E22: (°) | F22: 2 | G22: inside this suggested range | I22: 0 - 35
B23: specific weight of fuel | D23: ρap,fuel | E23: (kg/l) | F23: 0.85
B24: productivity | D24: Prap | E24: (h/m3) | F24: 0.01 | G24: inside this suggested range | I24: 0.007 - 0.012
B25: load factor 1 | D25: LFap,1 | E25: (-) | F25: =0.05862*EXP(0.00101*$F$11) -> 0.54081428
B26: load factor 2 | D26: LFap,2 | E26: (-) | F26: =0.00868*F22+0.15333 -> 0.17069
B27: fuel consumption per m3 | D27: FCap,m3 | E27: (l/m3) | F27: =F19*F21*( F25+F26 )/2*1/F23*F24 -> 0.041853193
B29: COMPACTOR ROLLER
B31: compactor type | E31: (/) | F31: tandem vibratory roller
B32: power | E32: (kW) | F32: 70 | G32: inside this suggested range | I32: =IF($F$31=prms!$Q$5,prms!$R$5,IF($F$31=prms!Q6,prms!$R$6,IF($F$31=prms!$Q$7,prms!$R$7,IF($F$31=prms!$Q$8,prms!$R$8,IF($F$31=prms!$Q$9,prms!R$9,IF($F$31=prms!$Q$10,prms!$R$10,1)))))) -> 51 - 100
B33: compaction width | E33: (m) | F33: 1.8 | G33: inside this suggested range | I33: =IF($F$31=prms!$Q$5,prms!$S$5,IF($F$31=prms!$Q$6,prms!$S$6,IF($F$31=prms!$Q$7,prms!$S$7,IF($F$31=prms!$Q$8,prms!$S$8,IF($F$31=prms!$Q$9,prms!$S$9,IF($F$31=prms!$Q$10,prms!$S$10,1)))))) -> 1.13 - 2.13
B34: specific consumption | D34: SCcom | E34: (kg / kW h) | F34: 0.25 | G34: 0.25 if characteristic curve is not available
B35: grade of the slope | D35: Gcom | E35: (°) | F35: 2 | G35: inside this suggested range | I35: 0 - 35
B36: specific weight of fuel | D36: ρcom,fuel | E36: (kg/l) | F36: 0.85
B37: productivity | D37: Prcom | E37: (h/m3) | F37: 0.01 | G37: inside this suggested range | I37: 0.007 - 0.012
B38: load factor 1 | D38: LFcom,1 | E38: (-) | F38: =0.05173*EXP(0.00142*$F$11) -> 1.1761926
B39: load factor 2 | D39: LFcom,2 | E39: (-) | F39: =0.21032*F35^0.4321 -> 0.28376291
B40: fuel consumption per m3 | D40: FCcom,m3 | E40: (l/m3) | F40: =F32*F34*( F38 +F39 )/2*1/F36*F37 -> 0.15028954
B42: SEAL COAT AGENT SPREADER
B44: vehicle | E44: (-) | F44: 1 | G44: "1" for use, "0" for no use
B45: vehicle type | E45: (/) | F45: agent spreader
B46: productivity | D46: Pras | E46: (m3/h) | F46: 150 | G46: inside this suggested range | I46: =IF(F45=prms!$AF$5,prms!$AG$5, 1) -> 100 - 200
B47: fuel consumption | D47: Ias | E47: (l/h) | F47: 2 | G47: inside this suggested range | I47: =IF(F45=prms!$AF$5,prms!$AH$5, 1) -> 1 -3
B48: thickness to be treated | E48: (m) | F48: 0.005
B49: volume to be treated | E49: (m3) | F49: =F48*$F$4*$F$8 -> 80
B51: TRANSPORT TO FREIGHT ASPHALT CONCRETE (up to three types of vehicles)
B53: vehicle "A" | E53: (-) | F53: 1 | G53: "1" for use, "0" for no use
B54: vehicle "A" type | E54: (/) | F54: light on-road truck
B55: capacity | D55: Ctr,A | E55: (m3) | F55: 7.5 | G55: inside this suggested range | I55: =IF(F54=prms!$AA$5,prms!$AC$5, IF(F54=prms!$AA$6,prms!$AC$6, IF(F54=prms!$AA$7,prms!$AC$7, IF(F54=prms!$AA$8,prms!$AC$8,IF(F54=prms!$AA$9,prms!$AC$9,1))))) -> 5 - 10
B56: fuel consumption | D56: Itr,A | E56: (l/km) | F56: 0.15 | G56: inside this suggested range | I56: =IF(F54=prms!$AA$5,prms!$AD$5, IF(F54=prms!$AA$6,prms!$AD$6, IF(F54=prms!$AA$7,prms!$AD$7, IF(F54=prms!$AA$8,prms!$AD$8,IF(F54=prms!$AA$9,prms!$AD$9,1))))) -> 0.2 - 0.1
B57: traveling distance | D57: Rtr,A | E57: (km) | F57: 10
B58: K full-empty coefficient | D58: Ktr,A | E58: (-) | F58: 1.7
B59: fuel consumption per m3 | D59: FCtr,A,m3 | E59: (l/m3) | F59: =F58*F57*F56/F55 -> 0.34
B61: vehicle "B" | E61: (-) | F61: 1 | G61: "1" for use, "0" for no use
B62: vehicle "B" type | E62: (/) | F62: medium on-road truck
B63: capacity | D63: Ctr,B | E63: (m3) | F63: 12.5 | G63: inside this suggested range | I63: =IF(F62=prms!$AA$5,prms!$AC$5, IF(F62=prms!$AA$6,prms!$AC$6, IF(F62=prms!$AA$7,prms!$AC$7, IF(F62=prms!$AA$8,prms!$AC$8,IF(F62=prms!$AA$9,prms!$AC$9,1))))) -> 10 - 15
B64: fuel consumption | D64: Itr,B | E64: (l/km) | F64: 0.25 | G64: inside this suggested range | I64: =IF(F62=prms!$AA$5,prms!$AD$5, IF(F62=prms!$AA$6,prms!$AD$6, IF(F62=prms!$AA$7,prms!$AD$7, IF(F62=prms!$AA$8,prms!$AD$8,IF(F62=prms!$AA$9,prms!$AD$9,1))))) -> 0.3 - 0.2
B65: traveling distance | D65: Rtr,B | E65: (km) | F65: 10
B66: K full-empty coefficient | D66: Ktr,B | E66: (-) | F66: 1.7
B67: fuel consumption per m3 | D67: FCtr,B,m3 | E67: (l/m3) | F67: =F66*F65*F64/F63 -> 0.34
B69: vehicle "C" | E69: (-) | F69: 1 | G69: "1" for use, "0" for no use
B70: vehicle "C" type | E70: (/) | F70: heavy on-road truck
B71: capacity | D71: Ctr,C | E71: (m3) | F71: 17.5 | G71: inside this suggested range | I71: =IF(F70=prms!$AA$5,prms!$AC$5, IF(F70=prms!$AA$6,prms!$AC$6, IF(F70=prms!$AA$7,prms!$AC$7, IF(F70=prms!$AA$8,prms!$AC$8,IF(F70=prms!$AA$9,prms!$AC$9,1))))) -> 15 - 20
B72: fuel consumption | D72: Itr,C | E72: (l/km) | F72: 0.35 | G72: inside this suggested range | I72: =IF(F70=prms!$AA$5,prms!$AD$5, IF(F70=prms!$AA$6,prms!$AD$6, IF(F70=prms!$AA$7,prms!$AD$7, IF(F70=prms!$AA$8,prms!$AD$8,IF(F70=prms!$AA$9,prms!$AD$9,1))))) -> 0.4 - 0.3
B73: traveling distance | D73: Rtr,C | E73: (km) | F73: 10
B74: K full-empty coefficient | D74: Ktr,C | E74: (-) | F74: 1.7
B75: fuel consumption per m3 | D75: FCtr,C,m3 | E75: (l/m3) | F75: =F74*F73*F72/F71 -> 0.34
B77: ASPHALT PAVER
B79: fuel consumption | D79: FCap | E79: (l) | F79: =F27*F14 -> 26.786044
B80: emission factor for diesel | D80: EFdiesel | E80: (CO2/l) | F80: 2.6
B81: carbon dioxide emission | D81: CO2 | E81: (kg) | F81: =F79*F80 -> 69.643713
E82: (t) | F82: =F81/1000 -> 0.069643713
B84: COMPACTOR ROLLER
B86: fuel consumption total area compactor | E86: (l) | F86: =F40*F14 -> 96.185304
B87: number of compaction passages compactor | E87: (-) | F87: 4
B89: fuel consumption | D89: FCcom | E89: (l) | F89: =F86*F87 -> 384.74122
B90: emission factor for diesel | D90: EFdiesel | E90: (CO2/l) | F90: 2.6
B91: carbon dioxide emission | D91: CO2 | E91: (kg) | F91: =F89*F90 -> 1000.3272
E92: (t) | F92: =F91/1000 -> 1.0003272
B94: SEAL COAT AGENT SPREADER
B96: working hours binding agent spreader | E96: (h) | F96: =F49/F46*F44 -> 0.53333333
B97: fuel consumption | D97: FCcom | E97: (l) | F97: =F49*F96 -> 42.666667
B98: emission factor for diesel | D98: EFdiesel | E98: (CO2/l) | F98: 2.6
B99: carbon dioxide emission | D99: CO2 | E99: (kg) | F99: =F97*F98 -> 110.93333
E100: (t) | F100: =F99/1000 -> 0.11093333
B102: TRANSPORT TO FREIGHT ASPHALT CONCRETE (up to three types of vehicles)
B104: transport "A" capacity ripartition factor | E104: (-) | F104: =F53*F55/($F$53*$F$55+$F$61*$F$63+$F$69*$F$71) -> 0.2
B105: transport "B" capacity ripartition factor | E105: (-) | F105: =F61*F63/($F$53*$F$55+$F$61*$F$63+$F$69*$F$71) -> 0.33333333
B106: transport "C" capacity ripartition factor | E106: (-) | F106: =F69*F71/($F$53*$F$55+$F$61*$F$63+$F$69*$F$71) -> 0.46666667
B108: transport "A" volume freighted | E108: (m3) | F108: =F104*$F$14 -> 128
B109: transport "B" volume freighted | E109: (m3) | F109: =F105*$F$14 -> 213.33333
B110: transport "C" volume freighted | E110: (m3) | F110: =F106*$F$14 -> 298.66667
B112: transport "A" fuel consumption | D112: FCtr,A | E112: (l) | F112: =F59*F108 -> 43.52
B113: transport "B" fuel consumption | D113: FCtr,B | E113: (l) | F113: =F67*F109 -> 72.533333
B114: transport "C" fuel consumption | D114: FCtr,C | E114: (l) | F114: =F75*F110 -> 101.54667
B116: fuel consumption | D116: FCtr | E116: (l) | F116: =SUM(F112:F114) -> 217.6
B117: emission factor for diesel | D117: EFdiesel | E117: (CO2/l) | F117: 2.6
B118: carbon dioxide emission | D118: CO2 | E118: (kg) | F118: =F116*F117 -> 565.76
B120: TOTAL CO2 EMISSIONS
B122: total carbon dioxide emission | D122: CO2 | E122: (kg) | F122: =F81+F91+F99+F118 -> 1746.6642
E123: (t) | F123: =F122/1000 -> 1.7466642

Sheet 3 ROLL
B2: ROAD LENGTH
B4: road length | E4: (m) | F4: 1000
B5: road life | D5: t | E5: (year) | F5: 50
B7: TRAFFIC INFORMATION
B9: number of directions | E9: (-) | F9: 2
B11: yearly heavy vehicles per direction | E11: (-) | F11: =1000*365 -> 365000 | G11: diesel
B12: yearly grow rate | D12: phv | E12: (-) | F12: 0.01
B14: yearly light vehicles per direction | E14: (-) | F14: =20000*365 -> 7300000 | G14: diesel
B15: yearly grow rate | D15: plv | E15: (-) | F15: 0.01
B17: yearly light vehicles per direction | E17: (-) | F17: =3*365 -> 1095 | G17: diesel hybrid
B18: yearly grow rate | D18: plv,hy | E18: (-) | F18: 0.01
B20: yearly light vehicles per direction | E20: (-) | F20: =2*365 -> 730 | G20: electric
B21: yearly grow rate | D21: plv,el | E21: (-) | F21: 0.01
B23: heavy vehicle type | E23: (-) | F23: medium on-road truck | G23: diesel
B24: fuel consumption | D24: Ihv | E24: (l/km) | F24: 0.25 | G24: inside this suggested range | I24: =IF(F23=prms!$AA$5,prms!$AD$5, IF(F23=prms!$AA$6,prms!$AD$6, IF(F23=prms!$AA$7,prms!$AD$7, IF(F23=prms!$AA$8,prms!$AD$8,IF(F23=prms!$AA$9,prms!$AD$9,1))))) -> 0.3 - 0.2
B26: light vehicle type | E26: (-) | F26: car | G26: diesel
B27: fuel consumption | D27: Ilv | E27: (l/km) | F27: 0.06
B29: light vehicle type, hybrid | E29: (-) | F29: car | G29: diesel hybrid
B30: fuel consumption | D30: Ilv,hy | E30: (l/km) | F30: 0.04
B32: light vehicle type, electric | E32: (-) | F32: car | G32: electric
B33: fuel consumption | D33: Ilv,el | E33: (l/km) | F33: 0
B35: MAINTENANCE INFORMATION
B37: initial IRI | D37: IRIin | E37: (m/km) | F37: 2
B38: yearly increase in IRI | D38: Δ IRIin | E38: (m/km) | F38: 0.1
B39: maximum accepted IRI | D39: IRIfin | E39: (m/km) | F39: 4
B40: years between maint. | E40: (-) | F40: =(F39-F37)/F38 -> 20
B41: rounded years between maint. | E41: (-) | F41: =ROUND(F40,0) -> 20
B42: no. of maint. operations in life | E42: (-) | F42: =F5/F41 -> 2.5
B43: rounded no. of maint. operations in life | E43: (-) | F43: =ROUNDDOWN(F42,0) -> 2
B44: last maint. operation time span | E44: (-) | F44: =F5-F43*F41 -> 10
B46: EMISSIONS
B48: emission factor for diesel, heavy vehicles | D48: EFdiesel, hv | E48: (CO2/l) | F48: 2.6
B49: emission factor for diesel, light vehicles | D49: EFdiesel, lv | E49: (CO2/l) | F49: 2.6
B50: emission factor for electricity, light vehicles | D50: EFelectric, lv | E50: (CO2/l) | F50: 0
B52: carbon dioxide emission, heavy vehicles | D52: CO2, hv | E52: (kg) | F52: =SUM(roll!L5:L54) -> 7.2797249e+08
B53: carbon dioxide emission, light vehicles | D53: CO2, lv | E53: (kg) | F53: =SUM(roll!P5:P54) -> 4.1471345e+09
B54: carbon dioxide emission, light vehicles, hybrid | D54: CO2, hy | E54: (kg) | F54: =SUM(roll!T5:T54) -> 414713.45
B55: carbon dioxide emission, light vehicles, electric | D55: CO2, el | E55: (kg) | F55: =SUM(roll!X5:X54) -> 0
B57: total carbon dioxide emission | D57: CO2 | E57: (kg) | F57: =SUM(F52:F55) -> 4.8755217e+09
E58: (t) | F58: =F57/1000 -> 4875521.7

Sheet 3 MNTN
B2: ROAD LENGTH
B4: road length | E4: (m) | F4: 1000
B6: MAINTENANCE INFORMATION
B8: no. of maint. operations in life | E8: (-) | F8: =ROUNDUP('3 ROLL'!F42,0) -> 3
B10: TOP (WEARING+BINDER) LAYER TYPE
B12: top layer to replace width | E12: (m) | F12: 16
B13: top layer to replace thickness | E13: (m) | F13: 0.1
B14: binder layer type | E14: (-) | F14: asphalt concrete | G14: choose "asphalt concrete"
B15: density in bank | D15: ρb | E15: (kg/m3) | F15: =IF( F14=prms!$B$5,prms!$C$5, IF(F14=prms!$B$6,prms!$C$6, IF(F14=prms!$B$7,prms!$C$7, IF(F14=prms!$B$8,prms!$C$8, IF(F14=prms!$B$9,prms!$C$9, IF(F14=prms!$B$10,prms!$C$10, IF(F14=prms!$B$11,prms!$C$11, IF(F14=prms!$B$12,prms!$C$12, IF(F14=prms!$B$13,prms!$C$13, IF(F14=prms!$B$14,prms!$C$14, IF(F14=prms!$B$15,prms!$C$15, IF(F14=prms!$B$16,prms!$C$16, IF(F14=prms!$B$17,prms!$C$17, IF(F14=prms!$B$18,prms!$C$18, IF(F14=prms!$B$19,prms!$C$19, IF(F14=prms!$B$20,prms!$C$20, IF(F14=prms!$B$21,prms!$C$21, IF(F14=prms!$B$22,prms!$C$22, IF(F14=prms!$B$23,prms!$C$23, IF(F14=prms!$B$24,prms!$C$24, IF(F14=prms!$B$25,prms!$C$25, IF(F14=prms!$B$26,prms!$C$26, IF(F14=prms!$B$27,prms!$C$27, IF(F14=prms!$B$28,prms!$C$28, IF(F14=prms!$B$29,prms!$C$29, ))))))))))))))))))))))))) -> 2200
B16: density loose | D16: ρl | E16: (kg/m3) | F16: =IF( F14=prms!$B$5,prms!$D$5, IF(F14=prms!$B$6,prms!$D$6, IF(F14=prms!$B$7,prms!$D$7, IF(F14=prms!$B$8,prms!$D$8, IF(F14=prms!$B$9,prms!$D$9, IF(F14=prms!$B$10,prms!$D$10, IF(F14=prms!$B$11,prms!$D$11, IF(F14=prms!$B$12,prms!$D$12, IF(F14=prms!$B$13,prms!$D$13, IF(F14=prms!$B$14,prms!$D$14, IF(F14=prms!$B$15,prms!$D$15, IF(F14=prms!$B$16,prms!$D$16, IF(F14=prms!$B$17,prms!$D$17, IF(F14=prms!$B$18,prms!$D$18, IF(F14=prms!$B$19,prms!$D$19, IF(F14=prms!$B$20,prms!$D$20, IF(F14=prms!$B$21,prms!$D$21, IF(F14=prms!$B$22,prms!$D$22, IF(F14=prms!$B$23,prms!$D$23, IF(F14=prms!$B$24,prms!$D$24, IF(F14=prms!$B$25,prms!$D$25, IF(F14=prms!$B$26,prms!$D$26, IF(F14=prms!$B$27,prms!$D$27, IF(F14=prms!$B$28,prms!$D$28, IF(F14=prms!$B$29,prms!$D$29))))))))))))))))))))))))) -> /
B18: total top layer volume | E18: (m3) | F18: =F4*F12*F13 -> 1600
B20: MILLING MACHINE
B22: vehicle type | E22: (/) | F22: milling machine
B23: productivity | D23: Prmm | E23: (m3/h) | F23: 1250 | G23: inside this suggested range | I23: =IF(F22=prms!$AN$5,prms!$AO$5, 1) -> 1000 - 1500
B24: fuel consumption | D24: Imm | E24: (l/h) | F24: 40 | G24: inside this suggested range | I24: =IF(F22=prms!$AN$5,prms!$AP$5, 1) -> 30 - 50
B25: volume to be treated | E25: (m3) | F25: =F13*$F$4*$F$12 -> 1600
B27: ASPHALT PAVER
B29: asphalt paver type | E29: (/) | F29: small asphalt paver
B30: power | E30: (kW) | F30: 40 | G30: inside this suggested range | I30: =IF(F29=prms!$V$5,prms!$W$5, IF('3 MNTN'!F29=prms!$V$6,prms!$W$6,IF('3 MNTN'!F29=prms!$V$7,prms!$W$7,1 ))) -> 34 - 55
B31: operating capacity | E31: (m3) | F31: 3.5 | G31: inside this suggested range | I31: =IF(F29=prms!$V$5,prms!$Y$5, IF('3 MNTN'!F29=prms!$V$6,prms!$Y$6,IF('3 MNTN'!F29=prms!$V$7,prms!$Y$7,1 ))) -> 3 - 4
B32: specific consumption | D32: SCap | E32: (kg / kW h) | F32: 0.25 | G32: 0.25 if characteristic curve is not available
B33: grade of the slope | D33: Gap | E33: (°) | F33: 2 | G33: inside this suggested range | I33: 0 - 35
B34: specific weight of fuel | D34: ρap,fuel | E34: (kg/l) | F34: 0.85
B35: productivity | D35: Prap | E35: (h/m3) | F35: 0.01 | G35: inside this suggested range | I35: 0.007 - 0.012
B36: load factor 1 | D36: LFap,1 | E36: (-) | F36: =0.05862*EXP(0.00101*$F$15) -> 0.54081428
B37: load factor 2 | D37: LFap,2 | E37: (-) | F37: =0.00868*F33+0.15333 -> 0.17069
B38: fuel consumption per m3 | D38: FCap,m3 | E38: (l/m3) | F38: =F30*F32*( F36+F37 )/2*1/F34*F35 -> 0.041853193
B40: COMPACTOR ROLLER
B42: compactor type | E42: (/) | F42: tandem vibratory roller
B43: power | E43: (kW) | F43: 70 | G43: inside this suggested range | I43: =IF($F$42=prms!$Q$5,prms!$R$5,IF($F$42=prms!Q6,prms!$R$6,IF($F$42=prms!$Q$7,prms!$R$7,IF($F$42=prms!$Q$8,prms!$R$8,IF($F$42=prms!$Q$9,prms!R$9,IF($F$42=prms!$Q$10,prms!$R$10,1)))))) -> 51 - 100
B44: compaction width | E44: (m) | F44: 1.8 | G44: inside this suggested range | I44: =IF($F$42=prms!$Q$5,prms!$S$5,IF($F$42=prms!$Q$6,prms!$S$6,IF($F$42=prms!$Q$7,prms!$S$7,IF($F$42=prms!$Q$8,prms!$S$8,IF($F$42=prms!$Q$9,prms!$S$9,IF($F$42=prms!$Q$10,prms!$S$10,1)))))) -> 1.13 - 2.13
B45: specific consumption | D45: SCcom | E45: (kg / kW h) | F45: 0.25 | G45: 0.25 if characteristic curve is not available
B46: grade of the slope | D46: Gcom | E46: (°) | F46: 2 | G46: inside this suggested range | I46: 0 - 35
B47: specific weight of fuel | D47: ρcom,fuel | E47: (kg/l) | F47: 0.85
B48: productivity | D48: Prcom | E48: (h/m3) | F48: 0.01 | G48: inside this suggested range | I48: 0.007 - 0.012
B49: load factor 1 | D49: LFcom,1 | E49: (-) | F49: =0.05173*EXP(0.00142*$F$15) -> 1.1761926
B50: load factor 2 | D50: LFcom,2 | E50: (-) | F50: =0.21032*F46^0.4321 -> 0.28376291
B51: fuel consumption per m3 | D51: FCcom,m3 | E51: (l/m3) | F51: =F43*F45*( F49 +F50 )/2*1/F47*F48 -> 0.15028954
B53: SEAL COAT AGENT SPREADER
B55: vehicle | E55: (-) | F55: 1 | G55: "1" for use, "0" for no use
B56: vehicle type | E56: (/) | F56: agent spreader
B57: productivity | D57: Pas | E57: (m3/h) | F57: 150 | G57: inside this suggested range | I57: =IF(F56=prms!$AF$5,prms!$AG$5, 1) -> 100 - 200
B58: fuel consumption | D58: Ias | E58: (l/h) | F58: 2 | G58: inside this suggested range | I58: =IF(F56=prms!$AF$5,prms!$AH$5, 1) -> 1 -3
B59: thickness to be treated | E59: (m) | F59: 0.005
B60: volume to be treated | E60: (m3) | F60: =F59*$F$4*$F$12 -> 80
B62: TRANSPORT TO FREIGHT ASPHALT CONCRETE (up to three types of vehicles)
B64: vehicle "A" | E64: (-) | F64: 1 | G64: "1" for use, "0" for no use
B65: vehicle "A" type | E65: (/) | F65: light on-road truck
B66: capacity | D66: Ctr,A | E66: (m3) | F66: 7.5 | G66: inside this suggested range | I66: =IF(F65=prms!$AA$5,prms!$AC$5, IF(F65=prms!$AA$6,prms!$AC$6, IF(F65=prms!$AA$7,prms!$AC$7, IF(F65=prms!$AA$8,prms!$AC$8,IF(F65=prms!$AA$9,prms!$AC$9,1))))) -> 5 - 10
B67: fuel consumption | D67: Itr,A | E67: (l/km) | F67: 0.15 | G67: inside this suggested range | I67: =IF(F65=prms!$AA$5,prms!$AD$5, IF(F65=prms!$AA$6,prms!$AD$6, IF(F65=prms!$AA$7,prms!$AD$7, IF(F65=prms!$AA$8,prms!$AD$8,IF(F65=prms!$AA$9,prms!$AD$9,1))))) -> 0.2 - 0.1
B68: traveling distance | D68: Rtr,A | E68: (km) | F68: 10
B69: K full-empty coefficient | D69: Ktr,A | E69: (-) | F69: 1.7
B70: fuel consumption per m3 | D70: FCtr,A,m3 | E70: (l/m3) | F70: =F69*F68*F67/F66 -> 0.34
B72: vehicle "B" | E72: (-) | F72: 1 | G72: "1" for use, "0" for no use
B73: vehicle "B" type | E73: (/) | F73: medium on-road truck
B74: capacity | D74: Ctr,B | E74: (m3) | F74: 12.5 | G74: inside this suggested range | I74: =IF(F73=prms!$AA$5,prms!$AC$5, IF(F73=prms!$AA$6,prms!$AC$6, IF(F73=prms!$AA$7,prms!$AC$7, IF(F73=prms!$AA$8,prms!$AC$8,IF(F73=prms!$AA$9,prms!$AC$9,1))))) -> 10 - 15
B75: fuel consumption | D75: Itr,B | E75: (l/km) | F75: 0.25 | G75: inside this suggested range | I75: =IF(F73=prms!$AA$5,prms!$AD$5, IF(F73=prms!$AA$6,prms!$AD$6, IF(F73=prms!$AA$7,prms!$AD$7, IF(F73=prms!$AA$8,prms!$AD$8,IF(F73=prms!$AA$9,prms!$AD$9,1))))) -> 0.3 - 0.2
B76: traveling distance | D76: Rtr,B | E76: (km) | F76: 10
B77: K full-empty coefficient | D77: Ktr,B | E77: (-) | F77: 1.7
B78: fuel consumption per m3 | D78: FCtr,B,m3 | E78: (l/m3) | F78: =F77*F76*F75/F74 -> 0.34
B80: vehicle "C" | E80: (-) | F80: 1 | G80: "1" for use, "0" for no use
B81: vehicle "C" type | E81: (/) | F81: heavy on-road truck
B82: capacity | D82: Ctr,C | E82: (m3) | F82: 17.5 | G82: inside this suggested range | I82: =IF(F81=prms!$AA$5,prms!$AC$5, IF(F81=prms!$AA$6,prms!$AC$6, IF(F81=prms!$AA$7,prms!$AC$7, IF(F81=prms!$AA$8,prms!$AC$8,IF(F81=prms!$AA$9,prms!$AC$9,1))))) -> 15 - 20
B83: fuel consumption | D83: Itr,C | E83: (l/km) | F83: 0.35 | G83: inside this suggested range | I83: =IF(F81=prms!$AA$5,prms!$AD$5, IF(F81=prms!$AA$6,prms!$AD$6, IF(F81=prms!$AA$7,prms!$AD$7, IF(F81=prms!$AA$8,prms!$AD$8,IF(F81=prms!$AA$9,prms!$AD$9,1))))) -> 0.4 - 0.3
B84: traveling distance | D84: Rtr,C | E84: (km) | F84: 10
B85: K full-empty coefficient | D85: Ktr,C | E85: (-) | F85: 1.7
B86: fuel consumption per m3 | D86: FCtr,C,m3 | E86: (l/m3) | F86: =F85*F84*F83/F82 -> 0.34
B88: MILLING MACHINE
B90: total fuel consumption milling machine | D90: FCmm | E90: (l) | F90: =F25/F23*F24 -> 51.2
B91: emission factor for diesel | D91: EFdiesel | E91: (CO2/l) | F91: 2.6
B92: total carbon dioxide emission | D92: CO2 | E92: (kg) | F92: =F90*F91 -> 133.12
E93: (t) | F93: =F92/1000 -> 0.13312
B95: ASPHALT PAVER
B97: fuel consumption total area asphalt paver | E97: (l) | F97: =F38*F12*F4*F13 -> 66.965109
B98: number of spreading passages asphalt paver | E98: (-) | F98: 1
B100: total fuel consumption asphalt paver | D100: FCap | E100: (l) | F100: =F97*F98 -> 66.965109
B101: emission factor for diesel | D101: EFdiesel | E101: (CO2/l) | F101: 2.6
B102: total carbon dioxide emission | D102: CO2 | E102: (kg) | F102: =F100*F101 -> 174.10928
E103: (t) | F103: =F102/1000 -> 0.17410928
B105: COMPACTOR ROLLER
B107: fuel consumption total area compactor | E107: (l) | F107: =F51*F4*F12*F13 -> 240.46326
B108: number of compaction passages compactor | E108: (-) | F108: 4
B110: total fuel consumption compactor | D110: FCcom | E110: (l) | F110: =F107*F108 -> 961.85304
B111: emission factor for diesel | D111: EFdiesel | E111: (CO2/l) | F111: 2.6
B112: total carbon dioxide emission | D112: CO2 | E112: (kg) | F112: =F110*F111 -> 2500.8179
E113: (t) | F113: =F112/1000 -> 2.5008179
B115: SEAL COAT AGENT SPREADER
B117: working hours binding agent spreader | E117: (h) | F117: =F60/F57*F55 -> 0.53333333
B118: total fuel consumption | D118: FCcom | E118: (l) | F118: =F117*F58 -> 1.0666667
B119: emission factor for diesel | D119: EFdiesel | E119: (CO2/l) | F119: 2.6
B120: total carbon dioxide emission | D120: CO2 | E120: (kg) | F120: =F118*F119 -> 2.7733333
E121: (t) | F121: =F120/1000 -> 0.0027733333
B123: TRANSPORT TO FREIGHT ASPHALT CONCRETE (up to three types of vehicles)
B125: transport "A" capacity ripartition factor | E125: (-) | F125: =F64*F66/($F$64*$F$66+$F$72*$F$74+$F$80*$F$82) -> 0.2
B126: transport "B" capacity ripartition factor | E126: (-) | F126: =F72*F74/($F$64*$F$66+$F$72*$F$74+$F$80*$F$82) -> 0.33333333
B127: transport "C" capacity ripartition factor | E127: (-) | F127: =F80*F82/($F$64*$F$66+$F$72*$F$74+$F$80*$F$82) -> 0.46666667
B129: transport "A" volume freighted | E129: (m3) | F129: =F125*$F$18 -> 320
B130: transport "B" volume freighted | E130: (m3) | F130: =F126*$F$18 -> 533.33333
B131: transport "C" volume freighted | E131: (m3) | F131: =F127*$F$18 -> 746.66667
B133: transport "A" fuel consumption | D133: FCtr,A | E133: (l) | F133: =F70*F129 -> 108.8
...

Sheet 3 ALB
B2: ROAD LENGTH
B4: road length | E4: (m) | F4: 1000
B5: road life | D5: t | E5: (year) | F5: 50
B7: TOP LAYER INFORMATION
B9: top layer width | E9: (m) | F9: 16
B10: top layer type | E10: (-) | F10: asphalt concrete | G10: choose "asphalt concrete"
B11: road surface area | D11: A | E11: (m2) | F11: =F4*F9 -> 16000
B13: albedo road surface | D13: αroad | E13: (-) | F13: 0.15
B14: mean albedo earth system | D14: αearth | E14: (-) | F14: 0.36
B15: difference in albedo | D15: Δα | E15: (-) | F15: =F14-F13 -> 0.21 | G15: positive Δ increases CO2 emission, negative Δ decreases CO2 emission
B16: change in radiative force per 0.01α variation | D16: ΔRF | E16: (-) | F16: 1.54
B17: radiative force | D17: RF | E17: (W/m2) | F17: =F16*F15/0.01 -> 32.34
B19: EMISSIONS
B21: total carbon dioxide emission | D21: CO2 | E21: (kg) | F21: =F15/0.01*1.087*F17*F5*F11/(0.217*F5 - 44.78*EXP((-F5)/172.9) - 6.26*EXP((-F5)/18.51) - 0.22*EXP((-F5)/1.186) +51.26 ) -> 20975854
E22: (t) | F22: =F21/1000 -> 20975.854

Sheet 3 LGT
B2: ROAD LENGTH
B4: road length | E4: (m) | F4: 1000
B5: road life | D5: t | E5: (year) | F5: 50
B7: LIGHTING INFORMATION
B9: lighting type | E9: (-) | F9: LED 180 W
B10: hourly carbon dioxide emission | D10: CO2 | E10: (kg/h) | F10: =IF('3 LGT'!F9=prms!AV5,prms!AX5,prms!AX6) -> 0.040833333
B11: daily no. working hours | E11: (h) | F11: 12
B12: life span working hours | E12: (h) | F12: =365*F11*F5 -> 219000
B14: distance between two lighting poles | E14: (m) | F14: 50
B15: no. of lighting poles on one road side | E15: (-) | F15: =F4/F14 -> 20
B16: illumination on both sides? | E16: (-) | F16: 2 | G16: 1 (no) 2 (yes)
B17: total no. lighting poles | E17: (-) | F17: =F15*F16 -> 40
B19: EMISSIONS
B21: total carbon dioxide emission | D21: CO2 | E21: (kg) | F21: =F12*F10*F17 -> 357700
E22: (t) | F22: =F21/1000 -> 357.7

Sheet roll
E2: yearly number of vehicles | J2: heavy vehicles (diesel) | N2: light vehicles (diesel) | R2: light vehicles (hybrid) | V2: light vehicles (electric)
B3: road life | C3: yearly IRI | E3: heavy vehicle | F3: light vehicle | G3: light vehicle, hybrid | H3: light vehicle, electric | J3: FCF | K3: CO2 emission | L3: CO2 emission | N3: FCF | O3: CO2 emission | P3: CO2 emission | R3: FCF | S3: CO2 emission | T3: CO2 emission | V3: FCF | W3: CO2 emission | X3: CO2 emission
B4: (year) | C4: (m/km) | E4: (-) | F4: (-) | G4: (-) | H4: (-) | J4: (-) | K4: (kg/vehicle) | L4: (kg) | N4: (-) | O4: (kg/vehicle) | P4: (kg) | R4: (-) | S4: (kg/vehicle) | T4: (kg) | V4: (-) | W4: (kg/vehicle) | X4: (kg)
B5: 1 | C5: ='3 ROLL'!$F$37 -> 2 | E5: ='3 ROLL'!$F$11*'3 ROLL'!$F$9*( ((1+'3 ROLL'!$F$12)^roll!B5 - 1) /'3 ROLL'!$F$12) -> 730000 | F5: ='3 ROLL'!$F$14*'3 ROLL'!$F$9*( ((1+'3 ROLL'!$F$15)^roll!B5 - 1) /'3 ROLL'!$F$15) -> 14600000 | G5: ='3 ROLL'!$F$17*'3 ROLL'!$F$9*( ((1+'3 ROLL'!$F$18)^roll!B5 - 1) /'3 ROLL'!$F$18) -> 2190 | H5: ='3 ROLL'!$F$20*'3 ROLL'!$F$9*( ((1+'3 ROLL'!$F$21)^roll!B5 - 1) /'3 ROLL'!$F$21) -> 1460 | J5: =IF(0.02163*C5+0.953<=1,1,0.02163*C5+0.953) -> 1 | K5: ='3 ROLL'!$F$24*'3 ROLL'!$F$48*roll!J5 -> 0.65 | L5: =E5*K5 -> 474500 | N5: =IF(0.07377*C5+0.993<=1,1,0.07377*C5+0.993) -> 1.14054 | O5: ='3 ROLL'!$F$27*'3 ROLL'!$F$49*roll!N5 -> 0.17792424 | P5: =F5*O5 -> 2597693.9 | R5: =IF(0.07377*C5+0.993<=1,1,0.07377*C5+0.993) -> 1.14054 | S5: ='3 ROLL'!$F$30*'3 ROLL'!$F$49*roll!R5 -> 0.11861616 | T5: =G5*S5 -> 259.76939 | V5: =IF(0.07377*C5+0.993<=1,1,0.07377*C5+0.993) -> 1.14054 | W5: ='3 ROLL'!$F$33*'3 ROLL'!$F$50*roll!V5 -> 0 | X5: =H5*W5 -> 0
B6: =B5+1 -> 2 | C6: =IF(B6<='3 ROLL'!$F$41,'3 ROLL'!$F$37+B5*'3 ROLL'!$F$38, IF(B6<=2*'3 ROLL'!$F$41,'3 ROLL'!$F$37+ (B5-'3 ROLL'!$F$41) *'3 ROLL'!$F$38, IF(B6<=3*'3 ROLL'!$F$41,'3 ROLL'!$F$37+ (B5-2*'3 ROLL'!$F$41) *'3 ROLL'!$F$38, IF(B6<=4*'3 ROLL'!$F$41,'3 ROLL'!$F$37+ (B5-3*'3 ROLL'!$F$41) *'3 ROLL'!$F$38, IF(B6<=5*'3 ROLL'!$F$41,'3 ROLL'!$F$37+ (B5-4*'3 ROLL'!$F$41) *'3 ROLL'!$F$38, IF(B6<=6*'3 ROLL'!$F$41,'3 ROLL'!$F$37+ (B5-5*'3 ROLL'!$F$41) *'3 ROLL'!$F$38, IF(B6<=7*'3 ROLL'!$F$41,'3 ROLL'!$F$37+ (B5-6*'3 ROLL'!$F$41) *'3 ROLL'!$F$38, IF(B6<=8*'3 ROLL'!$F$41,'3 ROLL'!$F$37+ (B5-7*'3 ROLL'!$F$41) *'3 ROLL'!$F$38, IF(B6<=9*'3 ROLL'!$F$41,'3 ROLL'!$F$37+ (B5-8*'3 ROLL'!$F$41) *'3 ROLL'!$F$38, IF(B6<=10*'3 ROLL'!$F$41,'3 ROLL'!$F$37+ (B5-9*'3 ROLL'!$F$41) *'3 ROLL'!$F$38, IF(B6<=11*'3 ROLL'!$F$41,'3 ROLL'!$F$37+ (B5-10*'3 ROLL'!$F$41) *'3 ROLL'!$F$38, IF(B6<=12*'3 ROLL'!$F$41,'3 ROLL'!$F$37+ (B5-11*'3 ROLL'!$F$41) *'3 ROLL'!$F$38, IF(B6<=13*'3 ROLL'!$F$41,'3 ROLL'!$F$37+ (B5-12*'3 ROLL'!$F$41) *'3 ROLL'!$F$38, IF(B6<=14*'3 ROLL'!$F$41,'3 ROLL'!$F$37+ (B5-13*'3 ROLL'!$F$41) *'3 ROLL'!$F$38, IF(B6<=15*'3 ROLL'!$F$41,'3 ROLL'!$F$37+ (B5-14*'3 ROLL'!$F$41) *'3 ROLL'!$F$38, IF(B6<=16*'3 ROLL'!$F$41,'3 ROLL'!$F$37+ (B5-15*'3 ROLL'!$F$41) *'3 ROLL'!$F$38, IF(B6<=17*'3 ROLL'!$F$41,'3 ROLL'!$F$37+ (B5-16*'3 ROLL'!$F$41) *'3 ROLL'!$F$38, IF(B6<=18*'3 ROLL'!$F$41,'3 ROLL'!$F$37+ (B5-17*'3 ROLL'!$F$41) *'3 ROLL'!$F$38, IF(B6<=19*'3 ROLL'!$F$41,'3 ROLL'!$F$37+ (B5-18*'3 ROLL'!$F$41) *'3 ROLL'!$F$38, IF(B6<=20*'3 ROLL'!$F$41,'3 ROLL'!$F$37+ (B5-19*'3 ROLL'!$F$41) *'3 ROLL'!$F$38, "" ) ) ) ) ) ) ) ) ) ) ) ) ) ) ) ) ) ) ) ) -> 2.1 | E6: ='3 ROLL'!$F$11*'3 ROLL'!$F$9*( ((1+'3 ROLL'!$F$12)^roll!B6 - 1) /'3 ROLL'!$F$12) -> 1467300 | F6: ='3 ROLL'!$F$14*'3 ROLL'!$F$9*( ((1+'3 ROLL'!$F$15)^roll!B6 - 1) /'3 ROLL'!$F$15) -> 29346000 | G6: ='3 ROLL'!$F$17*'3 ROLL'!$F$9*( ((1+'3 ROLL'!$F$18)^roll!B6 - 1) /'3 ROLL'!$F$18) -> 4401.9 | H6: ='3 ROLL'!$F$20*'3 ROLL'!$F$9*( ((1+'3 ROLL'!$F$21)^roll!B6 - 1) /'3 ROLL'!$F$21) -> 2934.6 | J6: =IF(0.02163*C6+0.953<=1,1,0.02163*C6+0.953) -> 1 | K6: ='3 ROLL'!$F$24*'3 ROLL'!$F$48*roll!J6 -> 0.65 | L6: =E6*K6 -> 953745 | N6: =IF(0.07377*C6+0.993<=1,1,0.07377*C6+0.993) -> 1.147917 | O6: ='3 ROLL'!$F$27*'3 ROLL'!$F$49*roll!N6 -> 0.17907505 | P6: =F6*O6 -> 5255136.5 | R6: =IF(0.07377*C6+0.993<=1,1,0.07377*C6+0.993) -> 1.147917 | S6: ='3 ROLL'!$F$30*'3 ROLL'!$F$49*roll!R6 -> 0.11938337 | T6: =G6*S6 -> 525.51365 | V6: =IF(0.07377*C6+0.993<=1,1,0.07377*C6+0.993) -> 1.147917 | W6: ='3 ROLL'!$F$33*'3 ROLL'!$F$50*roll!V6 -> 0 | X6: =H6*W6 -> 0
B7: =B6+1 -> 3 | C7: =IF(B7<='3 ROLL'!$F$41,'3 ROLL'!$F$37+B6*'3 ROLL'!$F$38, IF(B7<=2*'3 ROLL'!$F$41,'3 ROLL'!$F$37+ (B6-'3 ROLL'!$F$41) *'3 ROLL'!$F$38, IF(B7<=3*'3 ROLL'!$F$41,'3 ROLL'!$F$37+ (B6-2*'3 ROLL'!$F$41) *'3 ROLL'!$F$38, IF(B7<=4*'3 ROLL'!$F$41,'3 ROLL'!$F$37+ (B6-3*'3 ROLL'!$F$41) *'3 ROLL'!$F$38, IF(B7<=5*'3 ROLL'!$F$41,'3 ROLL'!$F$37+ (B6-4*'3 ROLL'!$F$41) *'3 ROLL'!$F$38, IF(B7<=6*'3 ROLL'!$F$41,'3 ROLL'!$F$37+ (B6-5*'3 ROLL'!$F$41) *'3 ROLL'!$F$38, IF(B7<=7*'3 ROLL'!$F$41,'3 ROLL'!$F$37+ (B6-6*'3 ROLL'!$F$41) *'3 ROLL'!$F$38, IF(B7<=8*'3 ROLL'!$F$41,'3 ROLL'!$F$37+ (B6-7*'3 ROLL'!$F$41) *'3 ROLL'!$F$38, IF(B7<=9*'3 ROLL'!$F$41,'3 ROLL'!$F$37+ (B6-8*'3 ROLL'!$F$41) *'3 ROLL'!$F$38, IF(B7<=10*'3 ROLL'!$F$41,'3 ROLL'!$F$37+ (B6-9*'3 ROLL'!$F$41) *'3 ROLL'!$F$38, IF(B7<=11*'3 ROLL'!$F$41,'3 ROLL'!$F$37+ (B6-10*'3 ROLL'!$F$41) *'3 ROLL'!$F$38, IF(B7<=12*'3 ROLL'!$F$41,'3 ROLL'!$F$37+ (B6-11*'3 ROLL'!$F$41) *'3 ROLL'!$F$38, IF(B7<=13*'3 ROLL'!$F$41,'3 ROLL'!$F$37+ (B6-12*'3 ROLL'!$F$41) *'3 ROLL'!$F$38, IF(B7<=14*'3 ROLL'!$F$41,'3 ROLL'!$F$37+ (B6-13*'3 ROLL'!$F$41) *'3 ROLL'!$F$38, IF(B7<=15*'3 ROLL'!$F$41,'3 ROLL'!$F$37+ (B6-14*'3 ROLL'!$F$41) *'3 ROLL'!$F$38, IF(B7<=16*'3 ROLL'!$F$41,'3 ROLL'!$F$37+ (B6-15*'3 ROLL'!$F$41) *'3 ROLL'!$F$38, IF(B7<=17*'3 ROLL'!$F$41,'3 ROLL'!$F$37+ (B6-16*'3 ROLL'!$F$41) *'3 ROLL'!$F$38, IF(B7<=18*'3 ROLL'!$F$41,'3 ROLL'!$F$37+ (B6-17*'3 ROLL'!$F$41) *'3 ROLL'!$F$38, IF(B7<=19*'3 ROLL'!$F$41,'3 ROLL'!$F$37+ (B6-18*'3 ROLL'!$F$41) *'3 ROLL'!$F$38, IF(B7<=20*'3 ROLL'!$F$41,'3 ROLL'!$F$37+ (B6-19*'3 ROLL'!$F$41) *'3 ROLL'!$F$38, "" ) ) ) ) ) ) ) ) ) ) ) ) ) ) ) ) ) ) ) ) -> 2.2 | E7: ='3 ROLL'!$F$11*'3 ROLL'!$F$9*( ((1+'3 ROLL'!$F$12)^roll!B7 - 1) /'3 ROLL'!$F$12) -> 2211973 | F7: ='3 ROLL'!$F$14*'3 ROLL'!$F$9*( ((1+'3 ROLL'!$F$15)^roll!B7 - 1) /'3 ROLL'!$F$15) -> 44239460 | G7: ='3 ROLL'!$F$17*'3 ROLL'!$F$9*( ((1+'3 ROLL'!$F$18)^roll!B7 - 1) /'3 ROLL'!$F$18) -> 6635.919 | H7: ='3 ROLL'!$F$20*'3 ROLL'!$F$9*( ((1+'3 ROLL'!$F$21)^roll!B7 - 1) /'3 ROLL'!$F$21) -> 4423.946 | J7: =IF(0.02163*C7+0.953<=1,1,0.02163*C7+0.953) -> 1.000586 | K7: ='3 ROLL'!$F$24*'3 ROLL'!$F$48*roll!J7 -> 0.6503809 | L7: =E7*K7 -> 1438625 | N7: =IF(0.07377*C7+0.993<=1,1,0.07377*C7+0.993) -> 1.155294 | O7: ='3 ROLL'!$F$27*'3 ROLL'!$F$49*roll!N7 -> 0.18022586 | P7: =F7*O7 -> 7973094.9 | R7: =IF(0.07377*C7+0.993<=1,1,0.07377*C7+0.993) -> 1.155294 | S7: ='3 ROLL'!$F$30*'3 ROLL'!$F$49*roll!R7 -> 0.12015058 | T7: =G7*S7 -> 797.30949 | V7: =IF(0.07377*C7+0.993<=1,1,0.07377*C7+0.993) -> 1.155294 | W7: ='3 ROLL'!$F$33*'3 ROLL'!$F$50*roll!V7 -> 0 | X7: =H7*W7 -> 0
B8: =B7+1 -> 4 | C8: =IF(B8<='3 ROLL'!$F$41,'3 ROLL'!$F$37+B7*'3 ROLL'!$F$38, IF(B8<=2*'3 ROLL'!$F$41,'3 ROLL'!$F$37+ (B7-'3 ROLL'!$F$41) *'3 ROLL'!$F$38, IF(B8<=3*'3 ROLL'!$F$41,'3 ROLL'!$F$37+ (B7-2*'3 ROLL'!$F$41) *'3 ROLL'!$F$38, IF(B8<=4*'3 ROLL'!$F$41,'3 ROLL'!$F$37+ (B7-3*'3 ROLL'!$F$41) *'3 ROLL'!$F$38, IF(B8<=5*'3 ROLL'!$F$41,'3 ROLL'!$F$37+ (B7-4*'3 ROLL'!$F$41) *'3 ROLL'!$F$38, IF(B8<=6*'3 ROLL'!$F$41,'3 ROLL'!$F$37+ (B7-5*'3 ROLL'!$F$41) *'3 ROLL'!$F$38, IF(B8<=7*'3 ROLL'!$F$41,'3 ROLL'!$F$37+ (B7-6*'3 ROLL'!$F$41) *'3 ROLL'!$F$38, IF(B8<=8*'3 ROLL'!$F$41,'3 ROLL'!$F$37+ (B7-7*'3 ROLL'!$F$41) *'3 ROLL'!$F$38, IF(B8<=9*'3 ROLL'!$F$41,'3 ROLL'!$F$37+ (B7-8*'3 ROLL'!$F$41) *'3 ROLL'!$F$38, IF(B8<=10*'3 ROLL'!$F$41,'3 ROLL'!$F$37+ (B7-9*'3 ROLL'!$F$41) *'3 ROLL'!$F$38, IF(B8<=11*'3 ROLL'!$F$41,'3 ROLL'!$F$37+ (B7-10*'3 ROLL'!$F$41) *'3 ROLL'!$F$38, IF(B8<=12*'3 ROLL'!$F$41,'3 ROLL'!$F$37+ (B7-11*'3 ROLL'!$F$41) *'3 ROLL'!$F$38, IF(B8<=13*'3 ROLL'!$F$41,'3 ROLL'!$F$37+ (B7-12*'3 ROLL'!$F$41) *'3 ROLL'!$F$38, IF(B8<=14*'3 ROLL'!$F$41,'3 ROLL'!$F$37+ (B7-13*'3 ROLL'!$F$41) *'3 ROLL'!$F$38, IF(B8<=15*'3 ROLL'!$F$41,'3 ROLL'!$F$37+ (B7-14*'3 ROLL'!$F$41) *'3 ROLL'!$F$38, IF(B8<=16*'3 ROLL'!$F$41,'3 ROLL'!$F$37+ (B7-15*'3 ROLL'!$F$41) *'3 ROLL'!$F$38, IF(B8<=17*'3 ROLL'!$F$41,'3 ROLL'!$F$37+ (B7-16*'3 ROLL'!$F$41) *'3 ROLL'!$F$38, IF(B8<=18*'3 ROLL'!$F$41,'3 ROLL'!$F$37+ (B7-17*'3 ROLL'!$F$41) *'3 ROLL'!$F$38, IF(B8<=19*'3 ROLL'!$F$41,'3 ROLL'!$F$37+ (B7-18*'3 ROLL'!$F$41) *'3 ROLL'!$F$38, IF(B8<=20*'3 ROLL'!$F$41,'3 ROLL'!$F$37+ (B7-19*'3 ROLL'!$F$41) *'3 ROLL'!$F$38, "" ) ) ) ) ) ) ) ) ) ) ) ) ) ) ) ) ) ) ) ) -> 2.3 | E8: ='3 ROLL'!$F$11*'3 ROLL'!$F$9*( ((1+'3 ROLL'!$F$12)^roll!B8 - 1) /'3 ROLL'!$F$12) -> 2964092.7 | F8: ='3 ROLL'!$F$14*'3 ROLL'!$F$9*( ((1+'3 ROLL'!$F$15)^roll!B8 - 1) /'3 ROLL'!$F$15) -> 59281855 | G8: ='3 ROLL'!$F$17*'3 ROLL'!$F$9*( ((1+'3 ROLL'!$F$18)^roll!B8 - 1) /'3 ROLL'!$F$18) -> 8892.2782 | H8: ='3 ROLL'!$F$20*'3 ROLL'!$F$9*( ((1+'3 ROLL'!$F$21)^roll!B8 - 1) /'3 ROLL'!$F$21) -> 5928.1855 | J8: =IF(0.02163*C8+0.953<=1,1,0.02163*C8+0.953) -> 1.002749 | K8: ='3 ROLL'!$F$24*'3 ROLL'!$F$48*roll!J8 -> 0.65178685 | L8: =E8*K8 -> 1931956.7 | N8: =IF(0.07377*C8+0.993<=1,1,0.07377*C8+0.993) -> 1.162671 | O8: ='3 ROLL'!$F$27*'3 ROLL'!$F$49*roll!N8 -> 0.18137668 | P8: =F8*O8 -> 10752346 | R8: =IF(0.07377*C8+0.993<=1,1,0.07377*C8+0.993) -> 1.162671 | S8: ='3 ROLL'!$F$30*'3 ROLL'!$F$49*roll!R8 -> 0.12091778 | T8: =G8*S8 -> 1075.2346 | V8: =IF(0.07377*C8+0.993<=1,1,0.07377*C8+0.993) -> 1.162671 | W8: ='3 ROLL'!$F$33*'3 ROLL'!$F$50*roll!V8 -> 0 | X8: =H8*W8 -> 0
B9: =B8+1 -> 5 | C9: =IF(B9<='3 ROLL'!$F$41,'3 ROLL'!$F$37+B8*'3 ROLL'!$F$38, IF(B9<=2*'3 ROLL'!$F$41,'3 ROLL'!$F$37+ (B8-'3 ROLL'!$F$41) *'3 ROLL'!$F$38, IF(B9<=3*'3 ROLL'!$F$41,'3 ROLL'!$F$37+ (B8-2*'3 ROLL'!$F$41) *'3 ROLL'!$F$38, IF(B9<=4*'3 ROLL'!$F$41,'3 ROLL'!$F$37+ (B8-3*'3 ROLL'!$F$41) *'3 ROLL'!$F$38, IF(B9<=5*'3 ROLL'!$F$41,'3 ROLL'!$F$37+ (B8-4*'3 ROLL'!$F$41) *'3 ROLL'!$F$38, IF(B9<=6*'3 ROLL'!$F$41,'3 ROLL'!$F$37+ (B8-5*'3 ROLL'!$F$41) *'3 ROLL'!$F$38, IF(B9<=7*'3 ROLL'!$F$41,'3 ROLL'!$F$37+ (B8-6*'3 ROLL'!$F$41) *'3 ROLL'!$F$38, IF(B9<=8*'3 ROLL'!$F$41,'3 ROLL'!$F$37+ (B8-7*'3 ROLL'!$F$41) *'3 ROLL'!$F$38, IF(B9<=9*'3 ROLL'!$F$41,'3 ROLL'!$F$37+ (B8-8*'3 ROLL'!$F$41) *'3 ROLL'!$F$38, IF(B9<=10*'3 ROLL'!$F$41,'3 ROLL'!$F$37+ (B8-9*'3 ROLL'!$F$41) *'3 ROLL'!$F$38, IF(B9<=11*'3 ROLL'!$F$41,'3 ROLL'!$F$37+ (B8-10*'3 ROLL'!$F$41) *'3 ROLL'!$F$38, IF(B9<=12*'3 ROLL'!$F$41,'3 ROLL'!$F$37+ (B8-11*'3 ROLL'!$F$41) *'3 ROLL'!$F$38, IF(B9<=13*'3 ROLL'!$F$41,'3 ROLL'!$F$37+ (B8-12*'3 ROLL'!$F$41) *'3 ROLL'!$F$38, IF(B9<=14*'3 ROLL'!$F$41,'3 ROLL'!$F$37+ (B8-13*'3 ROLL'!$F$41) *'3 ROLL'!$F$38, IF(B9<=15*'3 ROLL'!$F$41,'3 ROLL'!$F$37+ (B8-14*'3 ROLL'!$F$41) *'3 ROLL'!$F$38, IF(B9<=16*'3 ROLL'!$F$41,'3 ROLL'!$F$37+ (B8-15*'3 ROLL'!$F$41) *'3 ROLL'!$F$38, IF(B9<=17*'3 ROLL'!$F$41,'3 ROLL'!$F$37+ (B8-16*'3 ROLL'!$F$41) *'3 ROLL'!$F$38, IF(B9<=18*'3 ROLL'!$F$41,'3 ROLL'!$F$37+ (B8-17*'3 ROLL'!$F$41) *'3 ROLL'!$F$38, IF(B9<=19*'3 ROLL'!$F$41,'3 ROLL'!$F$37+ (B8-18*'3 ROLL'!$F$41) *'3 ROLL'!$F$38, IF(B9<=20*'3 ROLL'!$F$41,'3 ROLL'!$F$37+ (B8-19*'3 ROLL'!$F$41) *'3 ROLL'!$F$38, "" ) ) ) ) ) ) ) ) ) ) ) ) ) ) ) ) ) ) ) ) -> 2.4 | E9: ='3 ROLL'!$F$11*'3 ROLL'!$F$9*( ((1+'3 ROLL'!$F$12)^roll!B9 - 1) /'3 ROLL'!$F$12) -> 3723733.7 | F9: ='3 ROLL'!$F$14*'3 ROLL'!$F$9*( ((1+'3 ROLL'!$F$15)^roll!B9 - 1) /'3 ROLL'!$F$15) -> 74474673 | G9: ='3 ROLL'!$F$17*'3 ROLL'!$F$9*( ((1+'3 ROLL'!$F$18)^roll!B9 - 1) /'3 ROLL'!$F$18) -> 11171.201 | H9: ='3 ROLL'!$F$20*'3 ROLL'!$F$9*( ((1+'3 ROLL'!$F$21)^roll!B9 - 1) /'3 ROLL'!$F$21) -> 7447.4673 | J9: =IF(0.02163*C9+0.953<=1,1,0.02163*C9+0.953) -> 1.004912 | K9: ='3 ROLL'!$F$24*'3 ROLL'!$F$48*roll!J9 -> 0.6531928 | L9: =E9*K9 -> 2432316 | N9: =IF(0.07377*C9+0.993<=1,1,0.07377*C9+0.993) -> 1.170048 | O9: ='3 ROLL'!$F$27*'3 ROLL'!$F$49*roll!N9 -> 0.18252749 | P9: =F9*O9 -> 13593675 | R9: =IF(0.07377*C9+0.993<=1,1,0.07377*C9+0.993) -> 1.170048 | S9: ='3 ROLL'!$F$30*'3 ROLL'!$F$49*roll!R9 -> 0.12168499 | T9: =G9*S9 -> 1359.3675 | V9: =IF(0.07377*C9+0.993<=1,1,0.07377*C9+0.993) -> 1.170048 | W9: ='3 ROLL'!$F$33*'3 ROLL'!$F$50*roll!V9 -> 0 | X9: =H9*W9 -> 0
B10: =B9+1 -> 6 | C10: =IF(B10<='3 ROLL'!$F$41,'3 ROLL'!$F$37+B9*'3 ROLL'!$F$38, IF(B10<=2*'3 ROLL'!$F$41,'3 ROLL'!$F$37+ (B9-'3 ROLL'!$F$41) *'3 ROLL'!$F$38, IF(B10<=3*'3 ROLL'!$F$41,'3 ROLL'!$F$37+ (B9-2*'3 ROLL'!$F$41) *'3 ROLL'!$F$38, IF(B10<=4*'3 ROLL'!$F$41,'3 ROLL'!$F$37+ (B9-3*'3 ROLL'!$F$41) *'3 ROLL'!$F$38, IF(B10<=5*'3 ROLL'!$F$41,'3 ROLL'!$F$37+ (B9-4*'3 ROLL'!$F$41) *'3 ROLL'!$F$38, IF(B10<=6*'3 ROLL'!$F$41,'3 ROLL'!$F$37+ (B9-5*'3 ROLL'!$F$41) *'3 ROLL'!$F$38, IF(B10<=7*'3 ROLL'!$F$41,'3 ROLL'!$F$37+ (B9-6*'3 ROLL'!$F$41) *'3 ROLL'!$F$38, IF(B10<=8*'3 ROLL'!$F$41,'3 ROLL'!$F$37+ (B9-7*'3 ROLL'!$F$41) *'3 ROLL'!$F$38, IF(B10<=9*'3 ROLL'!$F$41,'3 ROLL'!$F$37+ (B9-8*'3 ROLL'!$F$41) *'3 ROLL'!$F$38, IF(B10<=10*'3 ROLL'!$F$41,'3 ROLL'!$F$37+ (B9-9*'3 ROLL'!$F$41) *'3 ROLL'!$F$38, IF(B10<=11*'3 ROLL'!$F$41,'3 ROLL'!$F$37+ (B9-10*'3 ROLL'!$F$41) *'3 ROLL'!$F$38, IF(B10<=12*'3 ROLL'!$F$41,'3 ROLL'!$F$37+ (B9-11*'3 ROLL'!$F$41) *'3 ROLL'!$F$38, IF(B10<=13*'3 ROLL'!$F$41,'3 ROLL'!$F$37+ (B9-12*'3 ROLL'!$F$41) *'3 ROLL'!$F$38, IF(B10<=14*'3 ROLL'!$F$41,'3 ROLL'!$F$37+ (B9-13*'3 ROLL'!$F$41) *'3 ROLL'!$F$38, IF(B10<=15*'3 ROLL'!$F$41,'3 ROLL'!$F$37+ (B9-14*'3 ROLL'!$F$41) *'3 ROLL'!$F$38, IF(B10<=16*'3 ROLL'!$F$41,'3 ROLL'!$F$37+ (B9-15*'3 ROLL'!$F$41) *'3 ROLL'!$F$38, IF(B10<=17*'3 ROLL'!$F$41,'3 ROLL'!$F$37+ (B9-16*'3 ROLL'!$F$41) *'3 ROLL'!$F$38, IF(B10<=18*'3 ROLL'!$F$41,'3 ROLL'!$F$37+ (B9-17*'3 ROLL'!$F$41) *'3 ROLL'!$F$38, IF(B10<=19*'3 ROLL'!$F$41,'3 ROLL'!$F$37+ (B9-18*'3 ROLL'!$F$41) *'3 ROLL'!$F$38, IF(B10<=20*'3 ROLL'!$F$41,'3 ROLL'!$F$37+ (B9-19*'3 ROLL'!$F$41) *'3 ROLL'!$F$38, "" ) ) ) ) ) ) ) ) ) ) ) ) ) ) ) ) ) ) ) ) -> 2.5 | E10: ='3 ROLL'!$F$11*'3 ROLL'!$F$9*( ((1+'3 ROLL'!$F$12)^roll!B10 - 1) /'3 ROLL'!$F$12) -> 4490971 | F10: ='3 ROLL'!$F$14*'3 ROLL'!$F$9*( ((1+'3 ROLL'!$F$15)^roll!B10 - 1) /'3 ROLL'!$F$15) -> 89819420 | G10: ='3 ROLL'!$F$17*'3 ROLL'!$F$9*( ((1+'3 ROLL'!$F$18)^roll!B10 - 1) /'3 ROLL'!$F$18) -> 13472.913 | H10: ='3 ROLL'!$F$20*'3 ROLL'!$F$9*( ((1+'3 ROLL'!$F$21)^roll!B10 - 1) /'3 ROLL'!$F$21) -> 8981.942 | J10: =IF(0.02163*C10+0.953<=1,1,0.02163*C10+0.953) -> 1.007075 | K10: ='3 ROLL'!$F$24*'3 ROLL'!$F$48*roll!J10 -> 0.65459875 | L10: =E10*K10 -> 2939784 | N10: =IF(0.07377*C10+0.993<=1,1,0.07377*C10+0.993) -> 1.177425 | O10: ='3 ROLL'!$F$27*'3 ROLL'!$F$49*roll!N10 -> 0.1836783 | P10: =F10*O10 -> 16497878 | R10: =IF(0.07377*C10+0.993<=1,1,0.07377*C10+0.993) -> 1.177425 | S10: ='3 ROLL'!$F$30*'3 ROLL'!$F$49*roll!R10 -> 0.1224522 | T10: =G10*S10 -> 1649.7878 | V10: =IF(0.07377*C10+0.993<=1,1,0.07377*C10+0.993) -> 1.177425 | W10: ='3 ROLL'!$F$33*'3 ROLL'!$F$50*roll!V10 -> 0 | X10: =H10*W10 -> 0
B11: =B10+1 -> 7 | C11: =IF(B11<='3 ROLL'!$F$41,'3 ROLL'!$F$37+B10*'3 ROLL'!$F$38, IF(B11<=2*'3 ROLL'!$F$41,'3 ROLL'!$F$37+ (B10-'3 ROLL'!$F$41) *'3 ROLL'!$F$38, IF(B11<=3*'3 ROLL'!$F$41,'3 ROLL'!$F$37+ (B10-2*'3 ROLL'!$F$41) *'3 ROLL'!$F$38, IF(B11<=4*'3 ROLL'!$F$41,'3 ROLL'!$F$37+ (B10-3*'3 ROLL'!$F$41) *'3 ROLL'!$F$38, IF(B11<=5*'3 ROLL'!$F$41,'3 ROLL'!$F$37+ (B10-4*'3 ROLL'!$F$41) *'3 ROLL'!$F$38, IF(B11<=6*'3 ROLL'!$F$41,'3 ROLL'!$F$37+ (B10-5*'3 ROLL'!$F$41) *'3 ROLL'!$F$38, IF(B11<=7*'3 ROLL'!$F$41,'3 ROLL'!$F$37+ (B10-6*'3 ROLL'!$F$41) *'3 ROLL'!$F$38, IF(B11<=8*'3 ROLL'!$F$41,'3 ROLL'!$F$37+ (B10-7*'3 ROLL'!$F$41) *'3 ROLL'!$F$38, IF(B11<=9*'3 ROLL'!$F$41,'3 ROLL'!$F$37+ (B10-8*'3 ROLL'!$F$41) *'3 ROLL'!$F$38, IF(B11<=10*'3 ROLL'!$F$41,'3 ROLL'!$F$37+ (B10-9*'3 ROLL'!$F$41) *'3 ROLL'!$F$38, IF(B11<=11*'3 ROLL'!$F$41,'3 ROLL'!$F$37+ (B10-10*'3 ROLL'!$F$41) *'3 ROLL'!$F$38, IF(B11<=12*'3 ROLL'!$F$41,'3 ROLL'!$F$37+ (B10-11*'3 ROLL'!$F$41) *'3 ROLL'!$F$38, IF(B11<=13*'3 ROLL'!$F$41,'3 ROLL'!$F$37+ (B10-12*'3 ROLL'!$F$41) *'3 ROLL'!$F$38, IF(B11<=14*'3 ROLL'!$F$41,'3 ROLL'!$F$37+ (B10-13*'3 ROLL'!$F$41) *'3 ROLL'!$F$38, IF(B11<=15*'3 ROLL'!$F$41,'3 ROLL'!$F$37+ (B10-14*'3 ROLL'!$F$41) *'3 ROLL'!$F$38, IF(B11<=16*'3 ROLL'!$F$41,'3 ROLL'!$F$37+ (B10-15*'3 ROLL'!$F$41) *'3 ROLL'!$F$38, IF(B11<=17*'3 ROLL'!$F$41,'3 ROLL'!$F$37+ (B10-16*'3 ROLL'!$F$41) *'3 ROLL'!$F$38, IF(B11<=18*'3 ROLL'!$F$41,'3 ROLL'!$F$37+ (B10-17*'3 ROLL'!$F$41) *'3 ROLL'!$F$38, IF(B11<=19*'3 ROLL'!$F$41,'3 ROLL'!$F$37+ (B10-18*'3 ROLL'!$F$41) *'3 ROLL'!$F$38, IF(B11<=20*'3 ROLL'!$F$41,'3 ROLL'!$F$37+ (B10-19*'3 ROLL'!$F$41) *'3 ROLL'!$F$38, "" ) ) ) ) ) ) ) ) ) ) ) ) ) ) ) ) ) ) ) ) -> 2.6 | E11: ='3 ROLL'!$F$11*'3 ROLL'!$F$9*( ((1+'3 ROLL'!$F$12)^roll!B11 - 1) /'3 ROLL'!$F$12) -> 5265880.7 | F11: ='3 ROLL'!$F$14*'3 ROLL'!$F$9*( ((1+'3 ROLL'!$F$15)^roll!B11 - 1) /'3 ROLL'!$F$15) -> 1.0531761e+08 | G11: ='3 ROLL'!$F$17*'3 ROLL'!$F$9*( ((1+'3 ROLL'!$F$18)^roll!B11 - 1) /'3 ROLL'!$F$18) -> 15797.642 | H11: ='3 ROLL'!$F$20*'3 ROLL'!$F$9*( ((1+'3 ROLL'!$F$21)^roll!B11 - 1) /'3 ROLL'!$F$21) -> 10531.761 | J11: =IF(0.02163*C11+0.953<=1,1,0.02163*C11+0.953) -> 1.009238 | K11: ='3 ROLL'!$F$24*'3 ROLL'!$F$48*roll!J11 -> 0.6560047 | L11: =E11*K11 -> 3454442.5 | N11: =IF(0.07377*C11+0.993<=1,1,0.07377*C11+0.993) -> 1.184802 | O11: ='3 ROLL'!$F$27*'3 ROLL'!$F$49*roll!N11 -> 0.18482911 | P11: =F11*O11 -> 19465761 | R11: =IF(0.07377*C11+0.993<=1,1,0.07377*C11+0.993) -> 1.184802 | S11: ='3 ROLL'!$F$30*'3 ROLL'!$F$49*roll!R11 -> 0.12321941 | T11: =G11*S11 -> 1946.5761 | V11: =IF(0.07377*C11+0.993<=1,1,0.07377*C11+0.993) -> 1.184802 | W11: ='3 ROLL'!$F$33*'3 ROLL'!$F$50*roll!V11 -> 0 | X11: =H11*W11 -> 0
B12: =B11+1 -> 8 | C12: =IF(B12<='3 ROLL'!$F$41,'3 ROLL'!$F$37+B11*'3 ROLL'!$F$38, IF(B12<=2*'3 ROLL'!$F$41,'3 ROLL'!$F$37+ (B11-'3 ROLL'!$F$41) *'3 ROLL'!$F$38, IF(B12<=3*'3 ROLL'!$F$41,'3 ROLL'!$F$37+ (B11-2*'3 ROLL'!$F$41) *'3 ROLL'!$F$38, IF(B12<=4*'3 ROLL'!$F$41,'3 ROLL'!$F$37+ (B11-3*'3 ROLL'!$F$41) *'3 ROLL'!$F$38, IF(B12<=5*'3 ROLL'!$F$41,'3 ROLL'!$F$37+ (B11-4*'3 ROLL'!$F$41) *'3 ROLL'!$F$38, IF(B12<=6*'3 ROLL'!$F$41,'3 ROLL'!$F$37+ (B11-5*'3 ROLL'!$F$41) *'3 ROLL'!$F$38, IF(B12<=7*'3 ROLL'!$F$41,'3 ROLL'!$F$37+ (B11-6*'3 ROLL'!$F$41) *'3 ROLL'!$F$38, IF(B12<=8*'3 ROLL'!$F$41,'3 ROLL'!$F$37+ (B11-7*'3 ROLL'!$F$41) *'3 ROLL'!$F$38, IF(B12<=9*'3 ROLL'!$F$41,'3 ROLL'!$F$37+ (B11-8*'3 ROLL'!$F$41) *'3 ROLL'!$F$38, IF(B12<=10*'3 ROLL'!$F$41,'3 ROLL'!$F$37+ (B11-9*'3 ROLL'!$F$41) *'3 ROLL'!$F$38, IF(B12<=11*'3 ROLL'!$F$41,'3 ROLL'!$F$37+ (B11-10*'3 ROLL'!$F$41) *'3 ROLL'!$F$38, IF(B12<=12*'3 ROLL'!$F$41,'3 ROLL'!$F$37+ (B11-11*'3 ROLL'!$F$41) *'3 ROLL'!$F$38, IF(B12<=13*'3 ROLL'!$F$41,'3 ROLL'!$F$37+ (B11-12*'3 ROLL'!$F$41) *'3 ROLL'!$F$38, IF(B12<=14*'3 ROLL'!$F$41,'3 ROLL'!$F$37+ (B11-13*'3 ROLL'!$F$41) *'3 ROLL'!$F$38, IF(B12<=15*'3 ROLL'!$F$41,'3 ROLL'!$F$37+ (B11-14*'3 ROLL'!$F$41) *'3 ROLL'!$F$38, IF(B12<=16*'3 ROLL'!$F$41,'3 ROLL'!$F$37+ (B11-15*'3 ROLL'!$F$41) *'3 ROLL'!$F$38, IF(B12<=17*'3 ROLL'!$F$41,'3 ROLL'!$F$37+ (B11-16*'3 ROLL'!$F$41) *'3 ROLL'!$F$38, IF(B12<=18*'3 ROLL'!$F$41,'3 ROLL'!$F$37+ (B11-17*'3 ROLL'!$F$41) *'3 ROLL'!$F$38, IF(B12<=19*'3 ROLL'!$F$41,'3 ROLL'!$F$37+ (B11-18*'3 ROLL'!$F$41) *'3 ROLL'!$F$38, IF(B12<=20*'3 ROLL'!$F$41,'3 ROLL'!$F$37+ (B11-19*'3 ROLL'!$F$41) *'3 ROLL'!$F$38, "" ) ) ) ) ) ) ) ) ) ) ) ) ) ) ) ) ) ) ) ) -> 2.7 | E12: ='3 ROLL'!$F$11*'3 ROLL'!$F$9*( ((1+'3 ROLL'!$F$12)^roll!B12 - 1) /'3 ROLL'!$F$12) -> 6048539.5 | F12: ='3 ROLL'!$F$14*'3 ROLL'!$F$9*( ((1+'3 ROLL'!$F$15)^roll!B12 - 1) /'3 ROLL'!$F$15) -> 1.2097079e+08 | G12: ='3 ROLL'!$F$17*'3 ROLL'!$F$9*( ((1+'3 ROLL'!$F$18)^roll!B12 - 1) /'3 ROLL'!$F$18) -> 18145.619 | H12: ='3 ROLL'!$F$20*'3 ROLL'!$F$9*( ((1+'3 ROLL'!$F$21)^roll!B12 - 1) /'3 ROLL'!$F$21) -> 12097.079 | J12: =IF(0.02163*C12+0.953<=1,1,0.02163*C12+0.953) -> 1.011401 | K12: ='3 ROLL'!$F$24*'3 ROLL'!$F$48*roll!J12 -> 0.65741065 | L12: =E12*K12 -> 3976374.3 | N12: =IF(0.07377*C12+0.993<=1,1,0.07377*C12+0.993) -> 1.192179 | O12: ='3 ROLL'!$F$27*'3 ROLL'!$F$49*roll!N12 -> 0.18597992 | P12: =F12*O12 -> 22498138 | R12: =IF(0.07377*C12+0.993<=1,1,0.07377*C12+0.993) -> 1.192179 | S12: ='3 ROLL'!$F$30*'3 ROLL'!$F$49*roll!R12 -> 0.12398662 | T12: =G12*S12 -> 2249.8138 | V12: =IF(0.07377*C12+0.993<=1,1,0.07377*C12+0.993) -> 1.192179 | W12: ='3 ROLL'!$F$33*'3 ROLL'!$F$50*roll!V12 -> 0 | X12: =H12*W12 -> 0
B13: =B12+1 -> 9 | C13: =IF(B13<='3 ROLL'!$F$41,'3 ROLL'!$F$37+B12*'3 ROLL'!$F$38, IF(B13<=2*'3 ROLL'!$F$41,'3 ROLL'!$F$37+ (B12-'3 ROLL'!$F$41) *'3 ROLL'!$F$38, IF(B13<=3*'3 ROLL'!$F$41,'3 ROLL'!$F$37+ (B12-2*'3 ROLL'!$F$41) *'3 ROLL'!$F$38, IF(B13<=4*'3 ROLL'!$F$41,'3 ROLL'!$F$37+ (B12-3*'3 ROLL'!$F$41) *'3 ROLL'!$F$38, IF(B13<=5*'3 ROLL'!$F$41,'3 ROLL'!$F$37+ (B12-4*'3 ROLL'!$F$41) *'3 ROLL'!$F$38, IF(B13<=6*'3 ROLL'!$F$41,'3 ROLL'!$F$37+ (B12-5*'3 ROLL'!$F$41) *'3 ROLL'!$F$38, IF(B13<=7*'3 ROLL'!$F$41,'3 ROLL'!$F$37+ (B12-6*'3 ROLL'!$F$41) *'3 ROLL'!$F$38, IF(B13<=8*'3 ROLL'!$F$41,'3 ROLL'!$F$37+ (B12-7*'3 ROLL'!$F$41) *'3 ROLL'!$F$38, IF(B13<=9*'3 ROLL'!$F$41,'3 ROLL'!$F$37+ (B12-8*'3 ROLL'!$F$41) *'3 ROLL'!$F$38, IF(B13<=10*'3 ROLL'!$F$41,'3 ROLL'!$F$37+ (B12-9*'3 ROLL'!$F$41) *'3 ROLL'!$F$38, IF(B13<=11*'3 ROLL'!$F$41,'3 ROLL'!$F$37+ (B12-10*'3 ROLL'!$F$41) *'3 ROLL'!$F$38, IF(B13<=12*'3 ROLL'!$F$41,'3 ROLL'!$F$37+ (B12-11*'3 ROLL'!$F$41) *'3 ROLL'!$F$38, IF(B13<=13*'3 ROLL'!$F$41,'3 ROLL'!$F$37+ (B12-12*'3 ROLL'!$F$41) *'3 ROLL'!$F$38, IF(B13<=14*'3 ROLL'!$F$41,'3 ROLL'!$F$37+ (B12-13*'3 ROLL'!$F$41) *'3 ROLL'!$F$38, IF(B13<=15*'3 ROLL'!$F$41,'3 ROLL'!$F$37+ (B12-14*'3 ROLL'!$F$41) *'3 ROLL'!$F$38, IF(B13<=16*'3 ROLL'!$F$41,'3 ROLL'!$F$37+ (B12-15*'3 ROLL'!$F$41) *'3 ROLL'!$F$38, IF(B13<=17*'3 ROLL'!$F$41,'3 ROLL'!$F$37+ (B12-16*'3 ROLL'!$F$41) *'3 ROLL'!$F$38, IF(B13<=18*'3 ROLL'!$F$41,'3 ROLL'!$F$37+ (B12-17*'3 ROLL'!$F$41) *'3 ROLL'!$F$38, IF(B13<=19*'3 ROLL'!$F$41,'3 ROLL'!$F$37+ (B12-18*'3 ROLL'!$F$41) *'3 ROLL'!$F$38, IF(B13<=20*'3 ROLL'!$F$41,'3 ROLL'!$F$37+ (B12-19*'3 ROLL'!$F$41) *'3 ROLL'!$F$38, "" ) ) ) ) ) ) ) ) ) ) ) ) ) ) ) ) ) ) ) ) -> 2.8 | E13: ='3 ROLL'!$F$11*'3 ROLL'!$F$9*( ((1+'3 ROLL'!$F$12)^roll!B13 - 1) /'3 ROLL'!$F$12) -> 6839024.9 | F13: ='3 ROLL'!$F$14*'3 ROLL'!$F$9*( ((1+'3 ROLL'!$F$15)^roll!B13 - 1) /'3 ROLL'!$F$15) -> 1.367805e+08 | G13: ='3 ROLL'!$F$17*'3 ROLL'!$F$9*( ((1+'3 ROLL'!$F$18)^roll!B13 - 1) /'3 ROLL'!$F$18) -> 20517.075 | H13: ='3 ROLL'!$F$20*'3 ROLL'!$F$9*( ((1+'3 ROLL'!$F$21)^roll!B13 - 1) /'3 ROLL'!$F$21) -> 13678.05 | J13: =IF(0.02163*C13+0.953<=1,1,0.02163*C13+0.953) -> 1.013564 | K13: ='3 ROLL'!$F$24*'3 ROLL'!$F$48*roll!J13 -> 0.6588166 | L13: =E13*K13 -> 4505663.1 | N13: =IF(0.07377*C13+0.993<=1,1,0.07377*C13+0.993) -> 1.199556 | O13: ='3 ROLL'!$F$27*'3 ROLL'!$F$49*roll!N13 -> 0.18713074 | P13: =F13*O13 -> 25595835 | R13: =IF(0.07377*C13+0.993<=1,1,0.07377*C13+0.993) -> 1.199556 | S13: ='3 ROLL'!$F$30*'3 ROLL'!$F$49*roll!R13 -> 0.12475382 | T13: =G13*S13 -> 2559.5835 | V13: =IF(0.07377*C13+0.993<=1,1,0.07377*C13+0.993) -> 1.199556 | W13: ='3 ROLL'!$F$33*'3 ROLL'!$F$50*roll!V13 -> 0 | X13: =H13*W13 -> 0
B14: =B13+1 -> 10 | C14: =IF(B14<='3 ROLL'!$F$41,'3 ROLL'!$F$37+B13*'3 ROLL'!$F$38, IF(B14<=2*'3 ROLL'!$F$41,'3 ROLL'!$F$37+ (B13-'3 ROLL'!$F$41) *'3 ROLL'!$F$38, IF(B14<=3*'3 ROLL'!$F$41,'3 ROLL'!$F$37+ (B13-2*'3 ROLL'!$F$41) *'3 ROLL'!$F$38, IF(B14<=4*'3 ROLL'!$F$41,'3 ROLL'!$F$37+ (B13-3*'3 ROLL'!$F$41) *'3 ROLL'!$F$38, IF(B14<=5*'3 ROLL'!$F$41,'3 ROLL'!$F$37+ (B13-4*'3 ROLL'!$F$41) *'3 ROLL'!$F$38, IF(B14<=6*'3 ROLL'!$F$41,'3 ROLL'!$F$37+ (B13-5*'3 ROLL'!$F$41) *'3 ROLL'!$F$38, IF(B14<=7*'3 ROLL'!$F$41,'3 ROLL'!$F$37+ (B13-6*'3 ROLL'!$F$41) *'3 ROLL'!$F$38, IF(B14<=8*'3 ROLL'!$F$41,'3 ROLL'!$F$37+ (B13-7*'3 ROLL'!$F$41) *'3 ROLL'!$F$38, IF(B14<=9*'3 ROLL'!$F$41,'3 ROLL'!$F$37+ (B13-8*'3 ROLL'!$F$41) *'3 ROLL'!$F$38, IF(B14<=10*'3 ROLL'!$F$41,'3 ROLL'!$F$37+ (B13-9*'3 ROLL'!$F$41) *'3 ROLL'!$F$38, IF(B14<=11*'3 ROLL'!$F$41,'3 ROLL'!$F$37+ (B13-10*'3 ROLL'!$F$41) *'3 ROLL'!$F$38, IF(B14<=12*'3 ROLL'!$F$41,'3 ROLL'!$F$37+ (B13-11*'3 ROLL'!$F$41) *'3 ROLL'!$F$38, IF(B14<=13*'3 ROLL'!$F$41,'3 ROLL'!$F$37+ (B13-12*'3 ROLL'!$F$41) *'3 ROLL'!$F$38, IF(B14<=14*'3 ROLL'!$F$41,'3 ROLL'!$F$37+ (B13-13*'3 ROLL'!$F$41) *'3 ROLL'!$F$38, IF(B14<=15*'3 ROLL'!$F$41,'3 ROLL'!$F$37+ (B13-14*'3 ROLL'!$F$41) *'3 ROLL'!$F$38, IF(B14<=16*'3 ROLL'!$F$41,'3 ROLL'!$F$37+ (B13-15*'3 ROLL'!$F$41) *'3 ROLL'!$F$38, IF(B14<=17*'3 ROLL'!$F$41,'3 ROLL'!$F$37+ (B13-16*'3 ROLL'!$F$41) *'3 ROLL'!$F$38, IF(B14<=18*'3 ROLL'!$F$41,'3 ROLL'!$F$37+ (B13-17*'3 ROLL'!$F$41) *'3 ROLL'!$F$38, IF(B14<=19*'3 ROLL'!$F$41,'3 ROLL'!$F$37+ (B13-18*'3 ROLL'!$F$41) *'3 ROLL'!$F$38, IF(B14<=20*'3 ROLL'!$F$41,'3 ROLL'!$F$37+ (B13-19*'3 ROLL'!$F$41) *'3 ROLL'!$F$38, "" ) ) ) ) ) ) ) ) ) ) ) ) ) ) ) ) ) ) ) ) -> 2.9 | E14: ='3 ROLL'!$F$11*'3 ROLL'!$F$9*( ((1+'3 ROLL'!$F$12)^roll!B14 - 1) /'3 ROLL'!$F$12) -> 7637415.2 | F14: ='3 ROLL'!$F$14*'3 ROLL'!$F$9*( ((1+'3 ROLL'!$F$15)^roll!B14 - 1) /'3 ROLL'!$F$15) -> 1.527483e+08 | G14: ='3 ROLL'!$F$17*'3 ROLL'!$F$9*( ((1+'3 ROLL'!$F$18)^roll!B14 - 1) /'3 ROLL'!$F$18) -> 22912.245 | H14: ='3 ROLL'!$F$20*'3 ROLL'!$F$9*( ((1+'3 ROLL'!$F$21)^roll!B14 - 1) /'3 ROLL'!$F$21) -> 15274.83 | J14: =IF(0.02163*C14+0.953<=1,1,0.02163*C14+0.953) -> 1.015727 | K14: ='3 ROLL'!$F$24*'3 ROLL'!$F$48*roll!J14 -> 0.66022255 | L14: =E14*K14 -> 5042393.7 | N14: =IF(0.07377*C14+0.993<=1,1,0.07377*C14+0.993) -> 1.206933 | O14: ='3 ROLL'!$F$27*'3 ROLL'!$F$49*roll!N14 -> 0.18828155 | P14: =F14*O14 -> 28759687 | R14: =IF(0.07377*C14+0.993<=1,1,0.07377*C14+0.993) -> 1.206933 | S14: ='3 ROLL'!$F$30*'3 ROLL'!$F$49*roll!R14 -> 0.12552103 | T14: =G14*S14 -> 2875.9687 | V14: =IF(0.07377*C14+0.993<=1,1,0.07377*C14+0.993) -> 1.206933 | W14: ='3 ROLL'!$F$33*'3 ROLL'!$F$50*roll!V14 -> 0 | X14: =H14*W14 -> 0
B15: =B14+1 -> 11 | C15: =IF(B15<='3 ROLL'!$F$41,'3 ROLL'!$F$37+B14*'3 ROLL'!$F$38, IF(B15<=2*'3 ROLL'!$F$41,'3 ROLL'!$F$37+ (B14-'3 ROLL'!$F$41) *'3 ROLL'!$F$38, IF(B15<=3*'3 ROLL'!$F$41,'3 ROLL'!$F$37+ (B14-2*'3 ROLL'!$F$41) *'3 ROLL'!$F$38, IF(B15<=4*'3 ROLL'!$F$41,'3 ROLL'!$F$37+ (B14-3*'3 ROLL'!$F$41) *'3 ROLL'!$F$38, IF(B15<=5*'3 ROLL'!$F$41,'3 ROLL'!$F$37+ (B14-4*'3 ROLL'!$F$41) *'3 ROLL'!$F$38, IF(B15<=6*'3 ROLL'!$F$41,'3 ROLL'!$F$37+ (B14-5*'3 ROLL'!$F$41) *'3 ROLL'!$F$38, IF(B15<=7*'3 ROLL'!$F$41,'3 ROLL'!$F$37+ (B14-6*'3 ROLL'!$F$41) *'3 ROLL'!$F$38, IF(B15<=8*'3 ROLL'!$F$41,'3 ROLL'!$F$37+ (B14-7*'3 ROLL'!$F$41) *'3 ROLL'!$F$38, IF(B15<=9*'3 ROLL'!$F$41,'3 ROLL'!$F$37+ (B14-8*'3 ROLL'!$F$41) *'3 ROLL'!$F$38, IF(B15<=10*'3 ROLL'!$F$41,'3 ROLL'!$F$37+ (B14-9*'3 ROLL'!$F$41) *'3 ROLL'!$F$38, IF(B15<=11*'3 ROLL'!$F$41,'3 ROLL'!$F$37+ (B14-10*'3 ROLL'!$F$41) *'3 ROLL'!$F$38, IF(B15<=12*'3 ROLL'!$F$41,'3 ROLL'!$F$37+ (B14-11*'3 ROLL'!$F$41) *'3 ROLL'!$F$38, IF(B15<=13*'3 ROLL'!$F$41,'3 ROLL'!$F$37+ (B14-12*'3 ROLL'!$F$41) *'3 ROLL'!$F$38, IF(B15<=14*'3 ROLL'!$F$41,'3 ROLL'!$F$37+ (B14-13*'3 ROLL'!$F$41) *'3 ROLL'!$F$38, IF(B15<=15*'3 ROLL'!$F$41,'3 ROLL'!$F$37+ (B14-14*'3 ROLL'!$F$41) *'3 ROLL'!$F$38, IF(B15<=16*'3 ROLL'!$F$41,'3 ROLL'!$F$37+ (B14-15*'3 ROLL'!$F$41) *'3 ROLL'!$F$38, IF(B15<=17*'3 ROLL'!$F$41,'3 ROLL'!$F$37+ (B14-16*'3 ROLL'!$F$41) *'3 ROLL'!$F$38, IF(B15<=18*'3 ROLL'!$F$41,'3 ROLL'!$F$37+ (B14-17*'3 ROLL'!$F$41) *'3 ROLL'!$F$38, IF(B15<=19*'3 ROLL'!$F$41,'3 ROLL'!$F$37+ (B14-18*'3 ROLL'!$F$41) *'3 ROLL'!$F$38, IF(B15<=20*'3 ROLL'!$F$41,'3 ROLL'!$F$37+ (B14-19*'3 ROLL'!$F$41) *'3 ROLL'!$F$38, "" ) ) ) ) ) ) ) ) ) ) ) ) ) ) ) ) ) ) ) ) -> 3 | E15: ='3 ROLL'!$F$11*'3 ROLL'!$F$9*( ((1+'3 ROLL'!$F$12)^roll!B15 - 1) /'3 ROLL'!$F$12) -> 8443789.3 | F15: ='3 ROLL'!$F$14*'3 ROLL'!$F$9*( ((1+'3 ROLL'!$F$15)^roll!B15 - 1) /'3 ROLL'!$F$15) -> 1.6887579e+08 | G15: ='3 ROLL'!$F$17*'3 ROLL'!$F$9*( ((1+'3 ROLL'!$F$18)^roll!B15 - 1) /'3 ROLL'!$F$18) -> 25331.368 | H15: ='3 ROLL'!$F$20*'3 ROLL'!$F$9*( ((1+'3 ROLL'!$F$21)^roll!B15 - 1) /'3 ROLL'!$F$21) -> 16887.579 | J15: =IF(0.02163*C15+0.953<=1,1,0.02163*C15+0.953) -> 1.01789 | K15: ='3 ROLL'!$F$24*'3 ROLL'!$F$48*roll!J15 -> 0.6616285 | L15: =E15*K15 -> 5586651.7 | N15: =IF(0.07377*C15+0.993<=1,1,0.07377*C15+0.993) -> 1.21431 | O15: ='3 ROLL'!$F$27*'3 ROLL'!$F$49*roll!N15 -> 0.18943236 | P15: =F15*O15 -> 31990539 | R15: =IF(0.07377*C15+0.993<=1,1,0.07377*C15+0.993) -> 1.21431 | S15: ='3 ROLL'!$F$30*'3 ROLL'!$F$49*roll!R15 -> 0.12628824 | T15: =G15*S15 -> 3199.0539 | V15: =IF(0.07377*C15+0.993<=1,1,0.07377*C15+0.993) -> 1.21431 | W15: ='3 ROLL'!$F$33*'3 ROLL'!$F$50*roll!V15 -> 0 | X15: =H15*W15 -> 0
B16: =B15+1 -> 12 | C16: =IF(B16<='3 ROLL'!$F$41,'3 ROLL'!$F$37+B15*'3 ROLL'!$F$38, IF(B16<=2*'3 ROLL'!$F$41,'3 ROLL'!$F$37+ (B15-'3 ROLL'!$F$41) *'3 ROLL'!$F$38, IF(B16<=3*'3 ROLL'!$F$41,'3 ROLL'!$F$37+ (B15-2*'3 ROLL'!$F$41) *'3 ROLL'!$F$38, IF(B16<=4*'3 ROLL'!$F$41,'3 ROLL'!$F$37+ (B15-3*'3 ROLL'!$F$41) *'3 ROLL'!$F$38, IF(B16<=5*'3 ROLL'!$F$41,'3 ROLL'!$F$37+ (B15-4*'3 ROLL'!$F$41) *'3 ROLL'!$F$38, IF(B16<=6*'3 ROLL'!$F$41,'3 ROLL'!$F$37+ (B15-5*'3 ROLL'!$F$41) *'3 ROLL'!$F$38, IF(B16<=7*'3 ROLL'!$F$41,'3 ROLL'!$F$37+ (B15-6*'3 ROLL'!$F$41) *'3 ROLL'!$F$38, IF(B16<=8*'3 ROLL'!$F$41,'3 ROLL'!$F$37+ (B15-7*'3 ROLL'!$F$41) *'3 ROLL'!$F$38, IF(B16<=9*'3 ROLL'!$F$41,'3 ROLL'!$F$37+ (B15-8*'3 ROLL'!$F$41) *'3 ROLL'!$F$38, IF(B16<=10*'3 ROLL'!$F$41,'3 ROLL'!$F$37+ (B15-9*'3 ROLL'!$F$41) *'3 ROLL'!$F$38, IF(B16<=11*'3 ROLL'!$F$41,'3 ROLL'!$F$37+ (B15-10*'3 ROLL'!$F$41) *'3 ROLL'!$F$38, IF(B16<=12*'3 ROLL'!$F$41,'3 ROLL'!$F$37+ (B15-11*'3 ROLL'!$F$41) *'3 ROLL'!$F$38, IF(B16<=13*'3 ROLL'!$F$41,'3 ROLL'!$F$37+ (B15-12*'3 ROLL'!$F$41) *'3 ROLL'!$F$38, IF(B16<=14*'3 ROLL'!$F$41,'3 ROLL'!$F$37+ (B15-13*'3 ROLL'!$F$41) *'3 ROLL'!$F$38, IF(B16<=15*'3 ROLL'!$F$41,'3 ROLL'!$F$37+ (B15-14*'3 ROLL'!$F$41) *'3 ROLL'!$F$38, IF(B16<=16*'3 ROLL'!$F$41,'3 ROLL'!$F$37+ (B15-15*'3 ROLL'!$F$41) *'3 ROLL'!$F$38, IF(B16<=17*'3 ROLL'!$F$41,'3 ROLL'!$F$37+ (B15-16*'3 ROLL'!$F$41) *'3 ROLL'!$F$38, IF(B16<=18*'3 ROLL'!$F$41,'3 ROLL'!$F$37+ (B15-17*'3 ROLL'!$F$41) *'3 ROLL'!$F$38, IF(B16<=19*'3 ROLL'!$F$41,'3 ROLL'!$F$37+ (B15-18*'3 ROLL'!$F$41) *'3 ROLL'!$F$38, IF(B16<=20*'3 ROLL'!$F$41,'3 ROLL'!$F$37+ (B15-19*'3 ROLL'!$F$41) *'3 ROLL'!$F$38, "" ) ) ) ) ) ) ) ) ) ) ) ) ) ) ) ) ) ) ) ) -> 3.1 | E16: ='3 ROLL'!$F$11*'3 ROLL'!$F$9*( ((1+'3 ROLL'!$F$12)^roll!B16 - 1) /'3 ROLL'!$F$12) -> 9258227.2 | F16: ='3 ROLL'!$F$14*'3 ROLL'!$F$9*( ((1+'3 ROLL'!$F$15)^roll!B16 - 1) /'3 ROLL'!$F$15) -> 1.8516454e+08 | G16: ='3 ROLL'!$F$17*'3 ROLL'!$F$9*( ((1+'3 ROLL'!$F$18)^roll!B16 - 1) /'3 ROLL'!$F$18) -> 27774.682 | H16: ='3 ROLL'!$F$20*'3 ROLL'!$F$9*( ((1+'3 ROLL'!$F$21)^roll!B16 - 1) /'3 ROLL'!$F$21) -> 18516.454 | J16: =IF(0.02163*C16+0.953<=1,1,0.02163*C16+0.953) -> 1.020053 | K16: ='3 ROLL'!$F$24*'3 ROLL'!$F$48*roll!J16 -> 0.66303445 | L16: =E16*K16 -> 6138523.6 | N16: =IF(0.07377*C16+0.993<=1,1,0.07377*C16+0.993) -> 1.221687 | O16: ='3 ROLL'!$F$27*'3 ROLL'!$F$49*roll!N16 -> 0.19058317 | P16: =F16*O16 -> 35289246 | R16: =IF(0.07377*C16+0.993<=1,1,0.07377*C16+0.993) -> 1.221687 | S16: ='3 ROLL'!$F$30*'3 ROLL'!$F$49*roll!R16 -> 0.12705545 | T16: =G16*S16 -> 3528.9246 | V16: =IF(0.07377*C16+0.993<=1,1,0.07377*C16+0.993) -> 1.221687 | W16: ='3 ROLL'!$F$33*'3 ROLL'!$F$50*roll!V16 -> 0 | X16: =H16*W16 -> 0
B17: =B16+1 -> 13 | C17: =IF(B17<='3 ROLL'!$F$41,'3 ROLL'!$F$37+B16*'3 ROLL'!$F$38, IF(B17<=2*'3 ROLL'!$F$41,'3 ROLL'!$F$37+ (B16-'3 ROLL'!$F$41) *'3 ROLL'!$F$38, IF(B17<=3*'3 ROLL'!$F$41,'3 ROLL'!$F$37+ (B16-2*'3 ROLL'!$F$41) *'3 ROLL'!$F$38, IF(B17<=4*'3 ROLL'!$F$41,'3 ROLL'!$F$37+ (B16-3*'3 ROLL'!$F$41) *'3 ROLL'!$F$38, IF(B17<=5*'3 ROLL'!$F$41,'3 ROLL'!$F$37+ (B16-4*'3 ROLL'!$F$41) *'3 ROLL'!$F$38, IF(B17<=6*'3 ROLL'!$F$41,'3 ROLL'!$F$37+ (B16-5*'3 ROLL'!$F$41) *'3 ROLL'!$F$38, IF(B17<=7*'3 ROLL'!$F$41,'3 ROLL'!$F$37+ (B16-6*'3 ROLL'!$F$41) *'3 ROLL'!$F$38, IF(B17<=8*'3 ROLL'!$F$41,'3 ROLL'!$F$37+ (B16-7*'3 ROLL'!$F$41) *'3 ROLL'!$F$38, IF(B17<=9*'3 ROLL'!$F$41,'3 ROLL'!$F$37+ (B16-8*'3 ROLL'!$F$41) *'3 ROLL'!$F$38, IF(B17<=10*'3 ROLL'!$F$41,'3 ROLL'!$F$37+ (B16-9*'3 ROLL'!$F$41) *'3 ROLL'!$F$38, IF(B17<=11*'3 ROLL'!$F$41,'3 ROLL'!$F$37+ (B16-10*'3 ROLL'!$F$41) *'3 ROLL'!$F$38, IF(B17<=12*'3 ROLL'!$F$41,'3 ROLL'!$F$37+ (B16-11*'3 ROLL'!$F$41) *'3 ROLL'!$F$38, IF(B17<=13*'3 ROLL'!$F$41,'3 ROLL'!$F$37+ (B16-12*'3 ROLL'!$F$41) *'3 ROLL'!$F$38, IF(B17<=14*'3 ROLL'!$F$41,'3 ROLL'!$F$37+ (B16-13*'3 ROLL'!$F$41) *'3 ROLL'!$F$38, IF(B17<=15*'3 ROLL'!$F$41,'3 ROLL'!$F$37+ (B16-14*'3 ROLL'!$F$41) *'3 ROLL'!$F$38, IF(B17<=16*'3 ROLL'!$F$41,'3 ROLL'!$F$37+ (B16-15*'3 ROLL'!$F$41) *'3 ROLL'!$F$38, IF(B17<=17*'3 ROLL'!$F$41,'3 ROLL'!$F$37+ (B16-16*'3 ROLL'!$F$41) *'3 ROLL'!$F$38, IF(B17<=18*'3 ROLL'!$F$41,'3 ROLL'!$F$37+ (B16-17*'3 ROLL'!$F$41) *'3 ROLL'!$F$38, IF(B17<=19*'3 ROLL'!$F$41,'3 ROLL'!$F$37+ (B16-18*'3 ROLL'!$F$41) *'3 ROLL'!$F$38, IF(B17<=20*'3 ROLL'!$F$41,'3 ROLL'!$F$37+ (B16-19*'3 ROLL'!$F$41) *'3 ROLL'!$F$38, "" ) ) ) ) ) ) ) ) ) ) ) ) ) ) ) ) ) ) ) ) -> 3.2 | E17: ='3 ROLL'!$F$11*'3 ROLL'!$F$9*( ((1+'3 ROLL'!$F$12)^roll!B17 - 1) /'3 ROLL'!$F$12) -> 10080809 | F17: ='3 ROLL'!$F$14*'3 ROLL'!$F$9*( ((1+'3 ROLL'!$F$15)^roll!B17 - 1) /'3 ROLL'!$F$15) -> 2.0161619e+08 | G17: ='3 ROLL'!$F$17*'3 ROLL'!$F$9*( ((1+'3 ROLL'!$F$18)^roll!B17 - 1) /'3 ROLL'!$F$18) -> 30242.428 | H17: ='3 ROLL'!$F$20*'3 ROLL'!$F$9*( ((1+'3 ROLL'!$F$21)^roll!B17 - 1) /'3 ROLL'!$F$21) -> 20161.619 | J17: =IF(0.02163*C17+0.953<=1,1,0.02163*C17+0.953) -> 1.022216 | K17: ='3 ROLL'!$F$24*'3 ROLL'!$F$48*roll!J17 -> 0.6644404 | L17: =E17*K17 -> 6698097.1 | N17: =IF(0.07377*C17+0.993<=1,1,0.07377*C17+0.993) -> 1.229064 | O17: ='3 ROLL'!$F$27*'3 ROLL'!$F$49*roll!N17 -> 0.19173398 | P17: =F17*O17 -> 38656675 | R17: =IF(0.07377*C17+0.993<=1,1,0.07377*C17+0.993) -> 1.229064 | S17: ='3 ROLL'!$F$30*'3 ROLL'!$F$49*roll!R17 -> 0.12782266 | T17: =G17*S17 -> 3865.6675 | V17: =IF(0.07377*C17+0.993<=1,1,0.07377*C17+0.993) -> 1.229064 | W17: ='3 ROLL'!$F$33*'3 ROLL'!$F$50*roll!V17 -> 0 | X17: =H17*W17 -> 0
... B54: =B53+1 -> 50 | C54: =IF(B54<='3 ROLL'!$F$41,'3 ROLL'!$F$37+B53*'3 ROLL'!$F$38, IF(B54<=2*'3 ROLL'!$F$41,'3 ROLL'!$F$37+ (B53-'3 ROLL'!$F$41) *'3 ROLL'!$F$38, IF(B54<=3*'3 ROLL'!$F$41,'3 ROLL'!$F$37+ (B53-2*'3 ROLL'!$F$41) *'3 ROLL'!$F$38, IF(B54<=4*'3 ROLL'!$F$41,'3 ROLL'!$F$37+ (B53-3*'3 ROLL'!$F$41) *'3 ROLL'!$F$38, IF(B54<=5*'3 ROLL'!$F$41,'3 ROLL'!$F$37+ (B53-4*'3 ROLL'!$F$41) *'3 ROLL'!$F$38, IF(B54<=6*'3 ROLL'!$F$41,'3 ROLL'!$F$37+ (B53-5*'3 ROLL'!$F$41) *'3 ROLL'!$F$38, IF(B54<=7*'3 ROLL'!$F$41,'3 ROLL'!$F$37+ (B53-6*'3 ROLL'!$F$41) *'3 ROLL'!$F$38, IF(B54<=8*'3 ROLL'!$F$41,'3 ROLL'!$F$37+ (B53-7*'3 ROLL'!$F$41) *'3 ROLL'!$F$38, IF(B54<=9*'3 ROLL'!$F$41,'3 ROLL'!$F$37+ (B53-8*'3 ROLL'!$F$41) *'3 ROLL'!$F$38, IF(B54<=10*'3 ROLL'!$F$41,'3 ROLL'!$F$37+ (B53-9*'3 ROLL'!$F$41) *'3 ROLL'!$F$38, IF(B54<=11*'3 ROLL'!$F$41,'3 ROLL'!$F$37+ (B53-10*'3 ROLL'!$F$41) *'3 ROLL'!$F$38, IF(B54<=12*'3 ROLL'!$F$41,'3 ROLL'!$F$37+ (B53-11*'3 ROLL'!$F$41) *'3 ROLL'!$F$38, IF(B54<=13*'3 ROLL'!$F$41,'3 ROLL'!$F$37+ (B53-12*'3 ROLL'!$F$41) *'3 ROLL'!$F$38, IF(B54<=14*'3 ROLL'!$F$41,'3 ROLL'!$F$37+ (B53-13*'3 ROLL'!$F$41) *'3 ROLL'!$F$38, IF(B54<=15*'3 ROLL'!$F$41,'3 ROLL'!$F$37+ (B53-14*'3 ROLL'!$F$41) *'3 ROLL'!$F$38, IF(B54<=16*'3 ROLL'!$F$41,'3 ROLL'!$F$37+ (B53-15*'3 ROLL'!$F$41) *'3 ROLL'!$F$38, IF(B54<=17*'3 ROLL'!$F$41,'3 ROLL'!$F$37+ (B53-16*'3 ROLL'!$F$41) *'3 ROLL'!$F$38, IF(B54<=18*'3 ROLL'!$F$41,'3 ROLL'!$F$37+ (B53-17*'3 ROLL'!$F$41) *'3 ROLL'!$F$38, IF(B54<=19*'3 ROLL'!$F$41,'3 ROLL'!$F$37+ (B53-18*'3 ROLL'!$F$41) *'3 ROLL'!$F$38, IF(B54<=20*'3 ROLL'!$F$41,'3 ROLL'!$F$37+ (B53-19*'3 ROLL'!$F$41) *'3 ROLL'!$F$38, "" ) ) ) ) ) ) ) ) ) ) ) ) ) ) ) ) ) ) ) ) -> 2.9 | E54: ='3 ROLL'!$F$11*'3 ROLL'!$F$9*( ((1+'3 ROLL'!$F$12)^roll!B54 - 1) /'3 ROLL'!$F$12) -> 47058123 | F54: ='3 ROLL'!$F$14*'3 ROLL'!$F$9*( ((1+'3 ROLL'!$F$15)^roll!B54 - 1) /'3 ROLL'!$F$15) -> 9.4116246e+08 | G54: ='3 ROLL'!$F$17*'3 ROLL'!$F$9*( ((1+'3 ROLL'!$F$18)^roll!B54 - 1) /'3 ROLL'!$F$18) -> 141174.37 | H54: ='3 ROLL'!$F$20*'3 ROLL'!$F$9*( ((1+'3 ROLL'!$F$21)^roll!B54 - 1) /'3 ROLL'!$F$21) -> 94116.246 | J54: =IF(0.02163*C54+0.953<=1,1,0.02163*C54+0.953) -> 1.015727 | K54: ='3 ROLL'!$F$24*'3 ROLL'!$F$48*roll!J54 -> 0.66022255 | L54: =E54*K54 -> 31068834 | N54: =IF(0.07377*C54+0.993<=1,1,0.07377*C54+0.993) -> 1.206933 | O54: ='3 ROLL'!$F$27*'3 ROLL'!$F$49*roll!N54 -> 0.18828155 | P54: =F54*O54 -> 1.7720352e+08 | R54: =IF(0.07377*C54+0.993<=1,1,0.07377*C54+0.993) -> 1.206933 | S54: ='3 ROLL'!$F$30*'3 ROLL'!$F$49*roll!R54 -> 0.12552103 | T54: =G54*S54 -> 17720.352 | V54: =IF(0.07377*C54+0.993<=1,1,0.07377*C54+0.993) -> 1.206933 | W54: ='3 ROLL'!$F$33*'3 ROLL'!$F$50*roll!V54 -> 0 | X54: =H54*W54 -> 0

Sheet prms
B2: CHARACTERIZATION OF GEOMATERIALS | F2: CHARACTERIZATION OF EXCAVATORS | I2: CHARACTERIZATION OF LOADERS | M2: CHARACTERIZATION OF DOZERS | Q2: CHARACTERIZATION OF COMPACTOR ROLLERS | V2: CHARACTERIZATION OF ASPHALT PAVER | AA2: CHARACTERIZATION OF TRANSPORT VEHICLES (TRUCKS AND DUMPERS) | AF2: CHARACTERIZATION OF BINDING AGENT SPREADER | AJ2: CHARACTERIZATION OF BINDING AGENT MIXER | AN2: CHARACTERIZATION OF MILLING MACHINE | AR2: PRODUCTION | AU2: LIGHTING
B3: type | C3: density in bank | D3: density loose | F3: type | G3: power | I3: type | J3: power | K3: bucket capacity | M3: type | N3: power | O3: blade width | Q3: type | R3: power | S3: compaction width | T3: operating weight | V3: type | W3: power | X3: operating weight | Y3: hopper capacity | AA3: type | AB3: operating weight | AC3: operating capacity | AD3: fuel consumption | AF3: type | AG3: productivity | AH3: fuel consumption | AJ3: type | AK3: productivity | AL3: fuel consumption | AN3: type | AO3: productivity | AP3: fuel consumption | AR3: type | AS3: emission CO2 | AU3: working hours | AV3: lighting type | AW3: emission CO2 | AX3: emission CO2
C4: (kg/m3) | D4: (kg/m3) | G4: (kW) | J4: (kW) | K4: (m3) | N4: (kW) | O4: (m) | R4: (kW) | S4: (m) | T4: (kg) | W4: (kW) | X4: (kg) | Y4: (m3) | AB4: (kg) | AC4: (m3) | AD4: (l/km) | AG4: (m3/h) | AH4: (l/h) | AK4: (m3/h) | AL4: (l/h) | AO4: (m3/h) | AP4: (l/h) | AS4: (kg equiv./kg) | AU4: (h) | AV4: (-) | AW4: (kg) | AX4: (kg/h)
B5: clay - dry | C5: 1840 | D5: 1480 | F5: mini tracked excavator | G5: 6.8 - 48.5 | I5: mini loader | J5: 52 - 71 | K5: 0.23 - 1.80 | M5: small dozer | N5: 66 - 131 | O5: 2.71 - 3.22 | Q5: light smooth drum roller | R5: 30 - 119 | S5: 1.20 - 2.20 | T5: 2000 - 14680 | V5: small asphalt paver | W5: 34 - 55 | X5: 4500 - 7000 | Y5: 3 - 4 | AA5: light on-road truck | AB5: 3300 - 7000 | AC5: 5 - 10 | AD5: 0.2 - 0.1 | AF5: agent spreader | AG5: 100 - 200 | AH5: 1 -3 | AJ5: agent mixer | AK5: 700 - 900 | AL5: 70 - 90 | AN5: milling machine | AO5: 1000 - 1500 | AP5: 30 - 50 | AR5: HMA | AS5: 0.0238 | AU5: 60000 | AV5: CMH-250W | AW5: 3400 | AX5: =AW5/$AU$5 -> 0.056666667
B6: clay - wet | C6: 2080 | D6: 1660 | F6: small tracked excavator | G6: 60 - 95 | I6: small wheel loader | J6: 46 - 126 | K6: 0.80 - 5.00 | M6: medium dozer | N6: 131 - 195 | O6: 2.99 - 5.77 | Q6: heavy smooth drum roller | R6: 98 - 190 | S6: 2.13 - 2.40 | T6: 15000 - 32000 | V6: medium asphalt paver | W6: 55 - 129 | X6: 7000 - 13800 | Y6: 4 - 6 | AA6: medium on-road truck | AB6: 6500 - 18000 | AC6: 10 - 15 | AD6: 0.3 - 0.2 | AR6: asphalt rubber | AS6: 0.0299 | AV6: LED-180W | AW6: 2450 | AX6: =AW6/$AU$5 -> 0.040833333
B7: clay and gravel - dry | C7: 1660 | D7: 1420 | F7: medium tracked excavator | G7: 95 - 200 | I7: medium wheel loader | J7: 140 - 303 | K7: 3.00 - 14.00 | M7: big dozer | N7: 237 - 671 | O7: 3.94 - 4.99 | Q7: pneumatic roller | R7: 60 - 132 | S7: 1.50 - 2.75 | T7: 8900 - 27000 | V7: big asphalt paver | W7: 129 - 186 | X7: 13800 - 1700 | Y7: 6 - 8 | AA7: heavy on-road truck | AB7: > 16000 | AC7: 15 - 20 | AD7: 0.4 - 0.3 | AR7: PCC | AS7: 0.1055
B8: clay and gravel - wet | C8: 1840 | D8: 1540 | F8: big tracked excavator | G8: 200 - 515 | I8: big wheel loader | J8: 373 - 1092 | K8: 7.70 - 36.00 | Q8: soil compactor | R8: 75 - 330 | S8: 2.13 - 4.39 | T8: 7630 - 37900 | AA8: medium off-road dumper | AB8: 11500-15000 | AC8: 15 - 25 | AD8: 1.0 - 1.5 | AR8: gravel | AS8: 0.0027
B9: earth - dry packed | C9: 1900 | D9: 1510 | F9: wheel excavator | G9: 65 - 155 | I9: truck loader | J9: 42 - 1176 | K9: 0.97 - 3.21 | Q9: vibratory soil compactor | R9: 48 - 160 | S9: 1.67 - 2.14 | T9: 5800 - 20100 | AA9: heavy off-road dumper | AB9: > 16000 | AC9: 25 - 35 | AD9: 1.5 - 2-0 | AR9: sand | AS9: 0.0023
B10: earth - loam | C10: 1540 | D10: 1250 | Q10: tandem vibratory roller | R10: 51 - 100 | S10: 1.13 - 2.13 | T10: 6650 - 14000
B11: earth - wet excavated | C11: 2020 | D11: 1600
B12: earth and silt - dry | C12: 1540 | D12: 1245
B13: earth and silt - wet | C13: 2060 | D13: 1601
B14: gravel - dry | C14: 1690 | D14: 1510
B15: gravel - dry 6-50 mm | C15: 1900 | D15: 1690
B16: gravel - wet 6-50 mm | C16: 2260 | D16: 2020
B17: rock 25% earth 75% | C17: 1960 | D17: 1570
B18: rock 50% earth 50% | C18: 2280 | D18: 1720
B19: rock 75% earth 25% | C19: 2790 | D19: 1960
B20: sand - damp | C20: 1900 | D20: 1690
B21: sand - dry loose | C21: 1600 | D21: 1420
B22: sand - wet | C22: 2080 | D22: 1840
... B28: top soil | C28: 1370 | D28: 950
B29: asphalt concrete | C29: 2200 | D29: /
